mos_code,mos_title,branch,skill_level,course_id,course_title,credits,course_level,source_file,source_sheet,status,notes
12P,Prime Power Production Specialist,Army,10,CIS110,Introduction to Computers,0,CAA,Army_MOS_Maps_Reduced.xlsx,12P,no_credit,
12P,Prime Power Production Specialist,Army,20,CIS110,Introduction to Computers,0,CAA,Army_MOS_Maps_Reduced.xlsx,12P,no_credit,
12P,Prime Power Production Specialist,Army,30,CIS110,Introduction to Computers,3,CAA,Army_MOS_Maps_Reduced.xlsx,12P,ok,
12P,Prime Power Production Specialist,Army,40,CIS110,Introduction to Computers,3,CAA,Army_MOS_Maps_Reduced.xlsx,12P,ok,
12P,Prime Power Production Specialist,Army,10,ELC112,DC/AC Electricity,5,AAS,Army_MOS_Maps_Reduced.xlsx,12P,ok,
12P,Prime Power Production Specialist,Army,20,ELC112,DC/AC Electricity,5,AAS,Army_MOS_Maps_Reduced.xlsx,12P,ok,
12P,Prime Power Production Specialist,Army,30,ELC112,DC/AC Electricity,5,AAS,Army_MOS_Maps_Reduced.xlsx,12P,ok,
12P,Prime Power Production Specialist,Army,40,ELC112,DC/AC Electricity,5,AAS,Army_MOS_Maps_Reduced.xlsx,12P,ok,
12P,Prime Power Production Specialist,Army,10,ELC117,Motors & Controls,4,AAS,Army_MOS_Maps_Reduced.xlsx,12P,ok,
12P,Prime Power Production Specialist,Army,20,ELC117,Motors & Controls,4,AAS,Army_MOS_Maps_Reduced.xlsx,12P,ok,
12P,Prime Power Production Specialist,Army,30,ELC117,Motors & Controls,4,AAS,Army_MOS_Maps_Reduced.xlsx,12P,ok,
12P,Prime Power Production Specialist,Army,40,ELC117,Motors & Controls,4,AAS,Army_MOS_Maps_Reduced.xlsx,12P,ok,
12P,Prime Power Production Specialist,Army,10,ISC112,Industrial Safety,2,AAS,Army_MOS_Maps_Reduced.xlsx,12P,ok,
12P,Prime Power Production Specialist,Army,20,ISC112,Industrial Safety,2,AAS,Army_MOS_Maps_Reduced.xlsx,12P,ok,
12P,Prime Power Production Specialist,Army,30,ISC112,Industrial Safety,2,AAS,Army_MOS_Maps_Reduced.xlsx,12P,ok,
12P,Prime Power Production Specialist,Army,40,ISC112,Industrial Safety,2,AAS,Army_MOS_Maps_Reduced.xlsx,12P,ok,
25B,Information Technology Specialist,Army,10,COM120,Intro Interpersonal Communication,0,CAA,Army_MOS_Maps_Reduced.xlsx,25B,no_credit,
25B,Information Technology Specialist,Army,20,COM120,Intro Interpersonal Communication,0,CAA,Army_MOS_Maps_Reduced.xlsx,25B,no_credit,
25B,Information Technology Specialist,Army,30,COM120,Intro Interpersonal Communication,3,CAA,Army_MOS_Maps_Reduced.xlsx,25B,ok,
25B,Information Technology Specialist,Army,40,COM120,Intro Interpersonal Communication,3,CAA,Army_MOS_Maps_Reduced.xlsx,25B,ok,
25B,Information Technology Specialist,Army,10,CIS110,Introduction to Computers,3,CAA,Army_MOS_Maps_Reduced.xlsx,25B,ok,
25B,Information Technology Specialist,Army,20,CIS110,Introduction to Computers,3,CAA,Army_MOS_Maps_Reduced.xlsx,25B,ok,
25B,Information Technology Specialist,Army,30,CIS110,Introduction to Computers,3,CAA,Army_MOS_Maps_Reduced.xlsx,25B,ok,
25B,Information Technology Specialist,Army,40,CIS110,Introduction to Computers,3,CAA,Army_MOS_Maps_Reduced.xlsx,25B,ok,
25B,Information Technology Specialist,Army,10,CJC217,Net Security Troubleshooting,3,AAS,Army_MOS_Maps_Reduced.xlsx,25B,ok,
25B,Information Technology Specialist,Army,20,CJC217,Net Security Troubleshooting,3,AAS,Army_MOS_Maps_Reduced.xlsx,25B,ok,
25B,Information Technology Specialist,Army,30,CJC217,Net Security Troubleshooting,3,AAS,Army_MOS_Maps_Reduced.xlsx,25B,ok,
25B,Information Technology Specialist,Army,40,CJC217,Net Security Troubleshooting,3,AAS,Army_MOS_Maps_Reduced.xlsx,25B,ok,
25B,Information Technology Specialist,Army,10,CTS120,Hardware/Software Support,3,AAS,Army_MOS_Maps_Reduced.xlsx,25B,ok,
25B,Information Technology Specialist,Army,20,CTS120,Hardware/Software Support,3,AAS,Army_MOS_Maps_Reduced.xlsx,25B,ok,
25B,Information Technology Specialist,Army,30,CTS120,Hardware/Software Support,3,AAS,Army_MOS_Maps_Reduced.xlsx,25B,ok,
25B,Information Technology Specialist,Army,40,CTS120,Hardware/Software Support,3,AAS,Army_MOS_Maps_Reduced.xlsx,25B,ok,
25B,Information Technology Specialist,Army,10,DBA110,Database Concepts,0,AAS,Army_MOS_Maps_Reduced.xlsx,25B,no_credit,
25B,Information Technology Specialist,Army,20,DBA110,Database Concepts,0,AAS,Army_MOS_Maps_Reduced.xlsx,25B,no_credit,
25B,Information Technology Specialist,Army,30,DBA110,Database Concepts,3,AAS,Army_MOS_Maps_Reduced.xlsx,25B,ok,
25B,Information Technology Specialist,Army,40,DBA110,Database Concepts,3,AAS,Army_MOS_Maps_Reduced.xlsx,25B,ok,
25B,Information Technology Specialist,Army,10,NET110,Networking Concepts,3,AAS,Army_MOS_Maps_Reduced.xlsx,25B,ok,
25B,Information Technology Specialist,Army,20,NET110,Networking Concepts,3,AAS,Army_MOS_Maps_Reduced.xlsx,25B,ok,
25B,Information Technology Specialist,Army,30,NET110,Networking Concepts,3,AAS,Army_MOS_Maps_Reduced.xlsx,25B,ok,
25B,Information Technology Specialist,Army,40,NET110,Networking Concepts,3,AAS,Army_MOS_Maps_Reduced.xlsx,25B,ok,
25B,Information Technology Specialist,Army,10,NOS110,Operating Systems Concepts,3,AAS,Army_MOS_Maps_Reduced.xlsx,25B,ok,
25B,Information Technology Specialist,Army,20,NOS110,Operating Systems Concepts,3,AAS,Army_MOS_Maps_Reduced.xlsx,25B,ok,
25B,Information Technology Specialist,Army,30,NOS110,Operating Systems Concepts,3,AAS,Army_MOS_Maps_Reduced.xlsx,25B,ok,
25B,Information Technology Specialist,Army,40,NOS110,Operating Systems Concepts,3,AAS,Army_MOS_Maps_Reduced.xlsx,25B,ok,
25B,Information Technology Specialist,Army,10,OMT156,Problem-Solving Skills,0,AAS,Army_MOS_Maps_Reduced.xlsx,25B,no_credit,
25B,Information Technology Specialist,Army,20,OMT156,Problem-Solving Skills,0,AAS,Army_MOS_Maps_Reduced.xlsx,25B,no_credit,
25B,Information Technology Specialist,Army,30,OMT156,Problem-Solving Skills,3,AAS,Army_MOS_Maps_Reduced.xlsx,25B,ok,
25B,Information Technology Specialist,Army,40,OMT156,Problem-Solving Skills,3,AAS,Army_MOS_Maps_Reduced.xlsx,25B,ok,
25B,Information Technology Specialist,Army,10,OMT222,Project Mgmt,0,AAS,Army_MOS_Maps_Reduced.xlsx,25B,no_credit,
25B,Information Technology Specialist,Army,20,OMT222,Project Mgmt,0,AAS,Army_MOS_Maps_Reduced.xlsx,25B,no_credit,
25B,Information Technology Specialist,Army,30,OMT222,Project Mgmt,3,AAS,Army_MOS_Maps_Reduced.xlsx,25B,ok,
25B,Information Technology Specialist,Army,40,OMT222,Project Mgmt,3,AAS,Army_MOS_Maps_Reduced.xlsx,25B,ok,
25M,Multimedia Illustrator,Army,10,COM120,Intro Interpersonal Communication,0,CAA,Army_MOS_Maps_Reduced.xlsx,25M,no_credit,
25M,Multimedia Illustrator,Army,20,COM120,Intro Interpersonal Communication,0,CAA,Army_MOS_Maps_Reduced.xlsx,25M,no_credit,
25M,Multimedia Illustrator,Army,30,COM120,Intro Interpersonal Communication,3,CAA,Army_MOS_Maps_Reduced.xlsx,25M,ok,
25M,Multimedia Illustrator,Army,40,COM120,Intro Interpersonal Communication,3,CAA,Army_MOS_Maps_Reduced.xlsx,25M,ok,
25M,Multimedia Illustrator,Army,10,CIS110,Introduction to Computers,3,CAA,Army_MOS_Maps_Reduced.xlsx,25M,ok,
25M,Multimedia Illustrator,Army,20,CIS110,Introduction to Computers,3,CAA,Army_MOS_Maps_Reduced.xlsx,25M,ok,
25M,Multimedia Illustrator,Army,30,CIS110,Introduction to Computers,3,CAA,Army_MOS_Maps_Reduced.xlsx,25M,ok,
25M,Multimedia Illustrator,Army,40,CIS110,Introduction to Computers,3,CAA,Army_MOS_Maps_Reduced.xlsx,25M,ok,
25M,Multimedia Illustrator,Army,10,GEO110,Intro to Geography,0,CAA,Army_MOS_Maps_Reduced.xlsx,25M,no_credit,
25M,Multimedia Illustrator,Army,20,GEO110,Intro to Geography,0,CAA,Army_MOS_Maps_Reduced.xlsx,25M,no_credit,
25M,Multimedia Illustrator,Army,30,GEO110,Intro to Geography,3,CAA,Army_MOS_Maps_Reduced.xlsx,25M,ok,
25M,Multimedia Illustrator,Army,40,GEO110,Intro to Geography,3,CAA,Army_MOS_Maps_Reduced.xlsx,25M,ok,
25M,Multimedia Illustrator,Army,10,GRD110,Typography I,3,AAS,Army_MOS_Maps_Reduced.xlsx,25M,ok,
25M,Multimedia Illustrator,Army,20,GRD110,Typography I,3,AAS,Army_MOS_Maps_Reduced.xlsx,25M,ok,
25M,Multimedia Illustrator,Army,30,GRD110,Typography I,3,AAS,Army_MOS_Maps_Reduced.xlsx,25M,ok,
25M,Multimedia Illustrator,Army,40,GRD110,Typography I,3,AAS,Army_MOS_Maps_Reduced.xlsx,25M,ok,
25M,Multimedia Illustrator,Army,10,GRD117,Design Career Exploitation,2,AAS,Army_MOS_Maps_Reduced.xlsx,25M,ok,
25M,Multimedia Illustrator,Army,20,GRD117,Design Career Exploitation,2,AAS,Army_MOS_Maps_Reduced.xlsx,25M,ok,
25M,Multimedia Illustrator,Army,30,GRD117,Design Career Exploitation,2,AAS,Army_MOS_Maps_Reduced.xlsx,25M,ok,
25M,Multimedia Illustrator,Army,40,GRD117,Design Career Exploitation,2,AAS,Army_MOS_Maps_Reduced.xlsx,25M,ok,
25M,Multimedia Illustrator,Army,10,GRD141,Graphic Design I (ALC),4,AAS,Army_MOS_Maps_Reduced.xlsx,25M,ok,
25M,Multimedia Illustrator,Army,20,GRD141,Graphic Design I (ALC),4,AAS,Army_MOS_Maps_Reduced.xlsx,25M,ok,
25M,Multimedia Illustrator,Army,30,GRD141,Graphic Design I (ALC),4,AAS,Army_MOS_Maps_Reduced.xlsx,25M,ok,
25M,Multimedia Illustrator,Army,40,GRD141,Graphic Design I (ALC),4,AAS,Army_MOS_Maps_Reduced.xlsx,25M,ok,
25M,Multimedia Illustrator,Army,10,GRD152,Computer Design Technology I,3,AAS,Army_MOS_Maps_Reduced.xlsx,25M,ok,
25M,Multimedia Illustrator,Army,20,GRD152,Computer Design Technology I,3,AAS,Army_MOS_Maps_Reduced.xlsx,25M,ok,
25M,Multimedia Illustrator,Army,30,GRD152,Computer Design Technology I,3,AAS,Army_MOS_Maps_Reduced.xlsx,25M,ok,
25M,Multimedia Illustrator,Army,40,GRD152,Computer Design Technology I,3,AAS,Army_MOS_Maps_Reduced.xlsx,25M,ok,
25M,Multimedia Illustrator,Army,10,GRD220,Calligraphy,0,AAS,Army_MOS_Maps_Reduced.xlsx,25M,no_credit,
25M,Multimedia Illustrator,Army,20,GRD220,Calligraphy,0,AAS,Army_MOS_Maps_Reduced.xlsx,25M,no_credit,
25M,Multimedia Illustrator,Army,30,GRD220,Calligraphy,1,AAS,Army_MOS_Maps_Reduced.xlsx,25M,ok,
25M,Multimedia Illustrator,Army,40,GRD220,Calligraphy,1,AAS,Army_MOS_Maps_Reduced.xlsx,25M,ok,
25M,Multimedia Illustrator,Army,10,GRD271,Mulitmedia Design I,2,AAS,Army_MOS_Maps_Reduced.xlsx,25M,ok,
25M,Multimedia Illustrator,Army,20,GRD271,Mulitmedia Design I,2,AAS,Army_MOS_Maps_Reduced.xlsx,25M,ok,
25M,Multimedia Illustrator,Army,30,GRD271,Mulitmedia Design I,2,AAS,Army_MOS_Maps_Reduced.xlsx,25M,ok,
25M,Multimedia Illustrator,Army,40,GRD271,Mulitmedia Design I,2,AAS,Army_MOS_Maps_Reduced.xlsx,25M,ok,
25M,Multimedia Illustrator,Army,10,MKT120,Principles of Marketing,0,AAS,Army_MOS_Maps_Reduced.xlsx,25M,no_credit,
25M,Multimedia Illustrator,Army,20,MKT120,Principles of Marketing,0,AAS,Army_MOS_Maps_Reduced.xlsx,25M,no_credit,
25M,Multimedia Illustrator,Army,30,MKT120,Principles of Marketing,3,AAS,Army_MOS_Maps_Reduced.xlsx,25M,ok,
25M,Multimedia Illustrator,Army,40,MKT120,Principles of Marketing,3,AAS,Army_MOS_Maps_Reduced.xlsx,25M,ok,
31B,Military Police,Army,10,CJC121,Law Enforcement Operations,3,CAA,Army_MOS_Maps_Reduced.xlsx,31B,ok,
31B,Military Police,Army,20,CJC121,Law Enforcement Operations,3,CAA,Army_MOS_Maps_Reduced.xlsx,31B,ok,
31B,Military Police,Army,30,CJC121,Law Enforcement Operations,3,CAA,Army_MOS_Maps_Reduced.xlsx,31B,ok,
31B,Military Police,Army,40,CJC121,Law Enforcement Operations,3,CAA,Army_MOS_Maps_Reduced.xlsx,31B,ok,
31B,Military Police,Army,10,CJC122,Community Policing,3,AAS,Army_MOS_Maps_Reduced.xlsx,31B,ok,
31B,Military Police,Army,20,CJC122,Community Policing,3,AAS,Army_MOS_Maps_Reduced.xlsx,31B,ok,
31B,Military Police,Army,30,CJC122,Community Policing,3,AAS,Army_MOS_Maps_Reduced.xlsx,31B,ok,
31B,Military Police,Army,40,CJC122,Community Policing,3,AAS,Army_MOS_Maps_Reduced.xlsx,31B,ok,
31B,Military Police,Army,10,CJC160,Terrorism: Underlying Issues,3,AAS,Army_MOS_Maps_Reduced.xlsx,31B,ok,
31B,Military Police,Army,20,CJC160,Terrorism: Underlying Issues,3,AAS,Army_MOS_Maps_Reduced.xlsx,31B,ok,
31B,Military Police,Army,30,CJC160,Terrorism: Underlying Issues,3,AAS,Army_MOS_Maps_Reduced.xlsx,31B,ok,
31B,Military Police,Army,40,CJC160,Terrorism: Underlying Issues,3,AAS,Army_MOS_Maps_Reduced.xlsx,31B,ok,
31B,Military Police,Army,10,CJC161,Intro to Homeland Security,3,AAS,Army_MOS_Maps_Reduced.xlsx,31B,ok,
31B,Military Police,Army,20,CJC161,Intro to Homeland Security,3,AAS,Army_MOS_Maps_Reduced.xlsx,31B,ok,
31B,Military Police,Army,30,CJC161,Intro to Homeland Security,3,AAS,Army_MOS_Maps_Reduced.xlsx,31B,ok,
31B,Military Police,Army,40,CJC161,Intro to Homeland Security,3,AAS,Army_MOS_Maps_Reduced.xlsx,31B,ok,
31B,Military Police,Army,10,CJC225,Crisis Intervention,3,AAS,Army_MOS_Maps_Reduced.xlsx,31B,ok,
31B,Military Police,Army,20,CJC225,Crisis Intervention,3,AAS,Army_MOS_Maps_Reduced.xlsx,31B,ok,
31B,Military Police,Army,30,CJC225,Crisis Intervention,3,AAS,Army_MOS_Maps_Reduced.xlsx,31B,ok,
31B,Military Police,Army,40,CJC225,Crisis Intervention,3,AAS,Army_MOS_Maps_Reduced.xlsx,31B,ok,
31B,Military Police,Army,10,EPT124,EM Services Law and Ethics,3,AAS,Army_MOS_Maps_Reduced.xlsx,31B,ok,
31B,Military Police,Army,20,EPT124,EM Services Law and Ethics,3,AAS,Army_MOS_Maps_Reduced.xlsx,31B,ok,
31B,Military Police,Army,30,EPT124,EM Services Law and Ethics,3,AAS,Army_MOS_Maps_Reduced.xlsx,31B,ok,
31B,Military Police,Army,40,EPT124,EM Services Law and Ethics,3,AAS,Army_MOS_Maps_Reduced.xlsx,31B,ok,
31B,Military Police,Army,10,EPT140,Emergency Management,3,AAS,Army_MOS_Maps_Reduced.xlsx,31B,ok,
31B,Military Police,Army,20,EPT140,Emergency Management,3,AAS,Army_MOS_Maps_Reduced.xlsx,31B,ok,
31B,Military Police,Army,30,EPT140,Emergency Management,3,AAS,Army_MOS_Maps_Reduced.xlsx,31B,ok,
31B,Military Police,Army,40,EPT140,Emergency Management,3,AAS,Army_MOS_Maps_Reduced.xlsx,31B,ok,
31B,Military Police,Army,10,EPT150,Incident Management,3,AAS,Army_MOS_Maps_Reduced.xlsx,31B,ok,
31B,Military Police,Army,20,EPT150,Incident Management,3,AAS,Army_MOS_Maps_Reduced.xlsx,31B,ok,
31B,Military Police,Army,30,EPT150,Incident Management,3,AAS,Army_MOS_Maps_Reduced.xlsx,31B,ok,
31B,Military Police,Army,40,EPT150,Incident Management,3,AAS,Army_MOS_Maps_Reduced.xlsx,31B,ok,
31B,Military Police,Army,10,EPT220,Terrorism & Emergency Mgmt.,3,AAS,Army_MOS_Maps_Reduced.xlsx,31B,ok,
31B,Military Police,Army,20,EPT220,Terrorism & Emergency Mgmt.,3,AAS,Army_MOS_Maps_Reduced.xlsx,31B,ok,
31B,Military Police,Army,30,EPT220,Terrorism & Emergency Mgmt.,3,AAS,Army_MOS_Maps_Reduced.xlsx,31B,ok,
31B,Military Police,Army,40,EPT220,Terrorism & Emergency Mgmt.,3,AAS,Army_MOS_Maps_Reduced.xlsx,31B,ok,
31B,Military Police,Army,10,GEO110,Introduction to Georgraphy,3,CAA,Army_MOS_Maps_Reduced.xlsx,31B,ok,
31B,Military Police,Army,20,GEO110,Introduction to Georgraphy,3,CAA,Army_MOS_Maps_Reduced.xlsx,31B,ok,
31B,Military Police,Army,30,GEO110,Introduction to Georgraphy,3,CAA,Army_MOS_Maps_Reduced.xlsx,31B,ok,
31B,Military Police,Army,40,GEO110,Introduction to Georgraphy,3,CAA,Army_MOS_Maps_Reduced.xlsx,31B,ok,
36B,Financial Management Technician,Army,10,COM120,Intro to Interpersonal Communication,0,CAA,Army_MOS_Maps_Reduced.xlsx,36B,no_credit,
36B,Financial Management Technician,Army,20,COM120,Intro to Interpersonal Communication,0,CAA,Army_MOS_Maps_Reduced.xlsx,36B,no_credit,
36B,Financial Management Technician,Army,30,COM120,Intro to Interpersonal Communication,3,CAA,Army_MOS_Maps_Reduced.xlsx,36B,ok,
36B,Financial Management Technician,Army,40,COM120,Intro to Interpersonal Communication,3,CAA,Army_MOS_Maps_Reduced.xlsx,36B,ok,
36B,Financial Management Technician,Army,10,ACC111,Financial Accounting,3,AAS,Army_MOS_Maps_Reduced.xlsx,36B,ok,
36B,Financial Management Technician,Army,20,ACC111,Financial Accounting,3,AAS,Army_MOS_Maps_Reduced.xlsx,36B,ok,
36B,Financial Management Technician,Army,30,ACC111,Financial Accounting,3,AAS,Army_MOS_Maps_Reduced.xlsx,36B,ok,
36B,Financial Management Technician,Army,40,ACC111,Financial Accounting,3,AAS,Army_MOS_Maps_Reduced.xlsx,36B,ok,
36B,Financial Management Technician,Army,10,ACC120,Principles of Financial Acct.,0,AAS,Army_MOS_Maps_Reduced.xlsx,36B,no_credit,
36B,Financial Management Technician,Army,20,ACC120,Principles of Financial Acct.,4,AAS,Army_MOS_Maps_Reduced.xlsx,36B,ok,
36B,Financial Management Technician,Army,30,ACC120,Principles of Financial Acct.,4,AAS,Army_MOS_Maps_Reduced.xlsx,36B,ok,
36B,Financial Management Technician,Army,40,ACC120,Principles of Financial Acct.,4,AAS,Army_MOS_Maps_Reduced.xlsx,36B,ok,
36B,Financial Management Technician,Army,10,ACC150,Acct Software Applications,2,AAS,Army_MOS_Maps_Reduced.xlsx,36B,ok,
36B,Financial Management Technician,Army,20,ACC150,Acct Software Applications,2,AAS,Army_MOS_Maps_Reduced.xlsx,36B,ok,
36B,Financial Management Technician,Army,30,ACC150,Acct Software Applications,2,AAS,Army_MOS_Maps_Reduced.xlsx,36B,ok,
36B,Financial Management Technician,Army,40,ACC150,Acct Software Applications,2,AAS,Army_MOS_Maps_Reduced.xlsx,36B,ok,
36B,Financial Management Technician,Army,10,HUM115,Critical Thinking,0,CAA,Army_MOS_Maps_Reduced.xlsx,36B,no_credit,
36B,Financial Management Technician,Army,20,HUM115,Critical Thinking,0,CAA,Army_MOS_Maps_Reduced.xlsx,36B,no_credit,
36B,Financial Management Technician,Army,30,HUM115,Critical Thinking,3,CAA,Army_MOS_Maps_Reduced.xlsx,36B,ok,
36B,Financial Management Technician,Army,40,HUM115,Critical Thinking,3,CAA,Army_MOS_Maps_Reduced.xlsx,36B,ok,
68W,Combat Medic Specialist,Army,10,COM120,Intro to Interpersonal Communication,0,CAA,Army_MOS_Maps_Reduced.xlsx,68W,no_credit,
68W,Combat Medic Specialist,Army,20,COM120,Intro to Interpersonal Communication,0,CAA,Army_MOS_Maps_Reduced.xlsx,68W,no_credit,
68W,Combat Medic Specialist,Army,30,COM120,Intro to Interpersonal Communication,3,CAA,Army_MOS_Maps_Reduced.xlsx,68W,ok,
68W,Combat Medic Specialist,Army,40,COM120,Intro to Interpersonal Communication,3,CAA,Army_MOS_Maps_Reduced.xlsx,68W,ok,
68W,Combat Medic Specialist,Army,10,CIS110,Intro to Computers,0,CAA,Army_MOS_Maps_Reduced.xlsx,68W,no_credit,
68W,Combat Medic Specialist,Army,20,CIS110,Intro to Computers,0,CAA,Army_MOS_Maps_Reduced.xlsx,68W,no_credit,
68W,Combat Medic Specialist,Army,30,CIS110,Intro to Computers,3,CAA,Army_MOS_Maps_Reduced.xlsx,68W,ok,
68W,Combat Medic Specialist,Army,40,CIS110,Intro to Computers,3,CAA,Army_MOS_Maps_Reduced.xlsx,68W,ok,
68W,Combat Medic Specialist,Army,10,BUS153,Human Resources Mgmt,0,AAS,Army_MOS_Maps_Reduced.xlsx,68W,no_credit,
68W,Combat Medic Specialist,Army,20,BUS153,Human Resources Mgmt,0,AAS,Army_MOS_Maps_Reduced.xlsx,68W,no_credit,
68W,Combat Medic Specialist,Army,30,BUS153,Human Resources Mgmt,3,AAS,Army_MOS_Maps_Reduced.xlsx,68W,ok,
68W,Combat Medic Specialist,Army,40,BUS153,Human Resources Mgmt,3,AAS,Army_MOS_Maps_Reduced.xlsx,68W,ok,
68W,Combat Medic Specialist,Army,10,EMS110,EMT,9,AAS,Army_MOS_Maps_Reduced.xlsx,68W,ok,
68W,Combat Medic Specialist,Army,20,EMS110,EMT,9,AAS,Army_MOS_Maps_Reduced.xlsx,68W,ok,
68W,Combat Medic Specialist,Army,30,EMS110,EMT,9,AAS,Army_MOS_Maps_Reduced.xlsx,68W,ok,
68W,Combat Medic Specialist,Army,40,EMS110,EMT,9,AAS,Army_MOS_Maps_Reduced.xlsx,68W,ok,
68W,Combat Medic Specialist,Army,10,EMS122,EMS Clinical Practicum I,1,AAS,Army_MOS_Maps_Reduced.xlsx,68W,ok,
68W,Combat Medic Specialist,Army,20,EMS122,EMS Clinical Practicum I,1,AAS,Army_MOS_Maps_Reduced.xlsx,68W,ok,
68W,Combat Medic Specialist,Army,30,EMS122,EMS Clinical Practicum I,1,AAS,Army_MOS_Maps_Reduced.xlsx,68W,ok,
68W,Combat Medic Specialist,Army,40,EMS122,EMS Clinical Practicum I,1,AAS,Army_MOS_Maps_Reduced.xlsx,68W,ok,
68W,Combat Medic Specialist,Army,10,EMS130,Pharmacology,0,AAS,Army_MOS_Maps_Reduced.xlsx,68W,no_credit,
68W,Combat Medic Specialist,Army,20,EMS130,Pharmacology,4,AAS,Army_MOS_Maps_Reduced.xlsx,68W,ok,
68W,Combat Medic Specialist,Army,30,EMS130,Pharmacology,4,AAS,Army_MOS_Maps_Reduced.xlsx,68W,ok,
68W,Combat Medic Specialist,Army,40,EMS130,Pharmacology,4,AAS,Army_MOS_Maps_Reduced.xlsx,68W,ok,
68W,Combat Medic Specialist,Army,10,EMS131,Advanced Airway Management,0,AAS,Army_MOS_Maps_Reduced.xlsx,68W,no_credit,
68W,Combat Medic Specialist,Army,20,EMS131,Advanced Airway Management,2,AAS,Army_MOS_Maps_Reduced.xlsx,68W,ok,
68W,Combat Medic Specialist,Army,30,EMS131,Advanced Airway Management,2,AAS,Army_MOS_Maps_Reduced.xlsx,68W,ok,
68W,Combat Medic Specialist,Army,40,EMS131,Advanced Airway Management,2,AAS,Army_MOS_Maps_Reduced.xlsx,68W,ok,
68W,Combat Medic Specialist,Army,10,EMS260,Advanced Trauma Emergencies,0,AAS,Army_MOS_Maps_Reduced.xlsx,68W,no_credit,
68W,Combat Medic Specialist,Army,20,EMS260,Advanced Trauma Emergencies,2,AAS,Army_MOS_Maps_Reduced.xlsx,68W,ok,
68W,Combat Medic Specialist,Army,30,EMS260,Advanced Trauma Emergencies,2,AAS,Army_MOS_Maps_Reduced.xlsx,68W,ok,
68W,Combat Medic Specialist,Army,40,EMS260,Advanced Trauma Emergencies,2,AAS,Army_MOS_Maps_Reduced.xlsx,68W,ok,
88N,Transportation Management Coordinator,Army,10,COM120,Intro to Interpersonal Communication,0,CAA,Army_MOS_Maps_Reduced.xlsx,88N,no_credit,
88N,Transportation Management Coordinator,Army,20,COM120,Intro to Interpersonal Communication,0,CAA,Army_MOS_Maps_Reduced.xlsx,88N,no_credit,
88N,Transportation Management Coordinator,Army,30,COM120,Intro to Interpersonal Communication,3,CAA,Army_MOS_Maps_Reduced.xlsx,88N,ok,
88N,Transportation Management Coordinator,Army,40,COM120,Intro to Interpersonal Communication,3,CAA,Army_MOS_Maps_Reduced.xlsx,88N,ok,
88N,Transportation Management Coordinator,Army,10,LOG125,Transportation Logistics (ALC),0,AAS,Army_MOS_Maps_Reduced.xlsx,88N,no_credit,
88N,Transportation Management Coordinator,Army,20,LOG125,Transportation Logistics (ALC),0,AAS,Army_MOS_Maps_Reduced.xlsx,88N,no_credit,
88N,Transportation Management Coordinator,Army,30,LOG125,Transportation Logistics (ALC),3,AAS,Army_MOS_Maps_Reduced.xlsx,88N,ok,
88N,Transportation Management Coordinator,Army,40,LOG125,Transportation Logistics (ALC),3,AAS,Army_MOS_Maps_Reduced.xlsx,88N,ok,
88N,Transportation Management Coordinator,Army,10,CIS110,Introduction to Computers,3,CAA,Army_MOS_Maps_Reduced.xlsx,88N,ok,
88N,Transportation Management Coordinator,Army,20,CIS110,Introduction to Computers,3,CAA,Army_MOS_Maps_Reduced.xlsx,88N,ok,
88N,Transportation Management Coordinator,Army,30,CIS110,Introduction to Computers,3,CAA,Army_MOS_Maps_Reduced.xlsx,88N,ok,
88N,Transportation Management Coordinator,Army,40,CIS110,Introduction to Computers,3,CAA,Army_MOS_Maps_Reduced.xlsx,88N,ok,
88N,Transportation Management Coordinator,Army,10,LOG110,Intro to Logistics,3,AAS,Army_MOS_Maps_Reduced.xlsx,88N,ok,
88N,Transportation Management Coordinator,Army,20,LOG110,Intro to Logistics,3,AAS,Army_MOS_Maps_Reduced.xlsx,88N,ok,
88N,Transportation Management Coordinator,Army,30,LOG110,Intro to Logistics,3,AAS,Army_MOS_Maps_Reduced.xlsx,88N,ok,
88N,Transportation Management Coordinator,Army,40,LOG110,Intro to Logistics,3,AAS,Army_MOS_Maps_Reduced.xlsx,88N,ok,
88N,Transportation Management Coordinator,Army,10,OMT110,Intro to Operations Mgmt,3,AAS,Army_MOS_Maps_Reduced.xlsx,88N,ok,
88N,Transportation Management Coordinator,Army,20,OMT110,Intro to Operations Mgmt,3,AAS,Army_MOS_Maps_Reduced.xlsx,88N,ok,
88N,Transportation Management Coordinator,Army,30,OMT110,Intro to Operations Mgmt,3,AAS,Army_MOS_Maps_Reduced.xlsx,88N,ok,
88N,Transportation Management Coordinator,Army,40,OMT110,Intro to Operations Mgmt,3,AAS,Army_MOS_Maps_Reduced.xlsx,88N,ok,
91E,Allied Trade Specialist/ Machinist,Army,10,COM120,Intro to Interpersonal Communication,0,CAA,Army_MOS_Maps_Reduced.xlsx,91E,no_credit,
91E,Allied Trade Specialist/ Machinist,Army,20,COM120,Intro to Interpersonal Communication,0,CAA,Army_MOS_Maps_Reduced.xlsx,91E,no_credit,
91E,Allied Trade Specialist/ Machinist,Army,30,COM120,Intro to Interpersonal Communication,3,CAA,Army_MOS_Maps_Reduced.xlsx,91E,ok,
91E,Allied Trade Specialist/ Machinist,Army,40,COM120,Intro to Interpersonal Communication,3,CAA,Army_MOS_Maps_Reduced.xlsx,91E,ok,
91E,Allied Trade Specialist/ Machinist,Army,10,WLD110,Cutting Processes,2,AAS,Army_MOS_Maps_Reduced.xlsx,91E,ok,
91E,Allied Trade Specialist/ Machinist,Army,20,WLD110,Cutting Processes,2,AAS,Army_MOS_Maps_Reduced.xlsx,91E,ok,
91E,Allied Trade Specialist/ Machinist,Army,30,WLD110,Cutting Processes,2,AAS,Army_MOS_Maps_Reduced.xlsx,91E,ok,
91E,Allied Trade Specialist/ Machinist,Army,40,WLD110,Cutting Processes,2,AAS,Army_MOS_Maps_Reduced.xlsx,91E,ok,
91E,Allied Trade Specialist/ Machinist,Army,10,WLD115,SMAW (STICK) Plate,5,AAS,Army_MOS_Maps_Reduced.xlsx,91E,ok,
91E,Allied Trade Specialist/ Machinist,Army,20,WLD115,SMAW (STICK) Plate,5,AAS,Army_MOS_Maps_Reduced.xlsx,91E,ok,
91E,Allied Trade Specialist/ Machinist,Army,30,WLD115,SMAW (STICK) Plate,5,AAS,Army_MOS_Maps_Reduced.xlsx,91E,ok,
91E,Allied Trade Specialist/ Machinist,Army,40,WLD115,SMAW (STICK) Plate,5,AAS,Army_MOS_Maps_Reduced.xlsx,91E,ok,
91E,Allied Trade Specialist/ Machinist,Army,10,WLD121,GMAW (MIG) FCAW/Plate,4,AAS,Army_MOS_Maps_Reduced.xlsx,91E,ok,
91E,Allied Trade Specialist/ Machinist,Army,20,WLD121,GMAW (MIG) FCAW/Plate,4,AAS,Army_MOS_Maps_Reduced.xlsx,91E,ok,
91E,Allied Trade Specialist/ Machinist,Army,30,WLD121,GMAW (MIG) FCAW/Plate,4,AAS,Army_MOS_Maps_Reduced.xlsx,91E,ok,
91E,Allied Trade Specialist/ Machinist,Army,40,WLD121,GMAW (MIG) FCAW/Plate,4,AAS,Army_MOS_Maps_Reduced.xlsx,91E,ok,
91E,Allied Trade Specialist/ Machinist,Army,10,WLD141,Symbols & Specifications,3,AAS,Army_MOS_Maps_Reduced.xlsx,91E,ok,
91E,Allied Trade Specialist/ Machinist,Army,20,WLD141,Symbols & Specifications,3,AAS,Army_MOS_Maps_Reduced.xlsx,91E,ok,
91E,Allied Trade Specialist/ Machinist,Army,30,WLD141,Symbols & Specifications,3,AAS,Army_MOS_Maps_Reduced.xlsx,91E,ok,
91E,Allied Trade Specialist/ Machinist,Army,40,WLD141,Symbols & Specifications,3,AAS,Army_MOS_Maps_Reduced.xlsx,91E,ok,
