training_id,branch,training_name,training_alias,course_id,course_credits,source_total_hours,verification_required,condition,source_file,source_table,status,notes
ARMY_ADVANCED_NEGOTIATIONS_TRAINING,ARMY,Advanced Negotiations Training,,CJC120,2,2,False,,Appendix J for website2026 (002).docx,table_0,ok,
ARMY_ADVANCED_NONCOMMISSIONED_OFFICER_COURSE_ANCOC,ARMY,Advanced Noncommissioned Officer Course (ANCOC),ANCOC,BUS253,3,6,False,,Appendix J for website2026 (002).docx,table_0,ok,Credit resolved via course-credit reference (training:Distributed Leader III (DLC III)); original combined total was 6 hours covering multiple courses
ARMY_ADVANCED_NONCOMMISSIONED_OFFICER_COURSE_ANCOC,ARMY,Advanced Noncommissioned Officer Course (ANCOC),ANCOC,BUS255,3,6,False,,Appendix J for website2026 (002).docx,table_0,ok,Credit resolved via course-credit reference (program_catalog); original combined total was 6 hours covering multiple courses
ARMY_ADVANCED_SITUATIONAL_AWARENESS_BASIC_ASAB,ARMY,Advanced Situational Awareness Basic (ASAB),ASAB,HUM115,3,3,False,,Appendix J for website2026 (002).docx,table_0,ok,
ARMY_AIR_ASSAULT,ARMY,Air Assault,,HUM115,3,3,False,,Appendix J for website2026 (002).docx,table_0,ok,
ARMY_ARMY_ADVANCED_LEADER_COURSE_ALC,ARMY,Army Advanced Leader Course (ALC),ALC,BUS137,3,6,False,,Appendix J for website2026 (002).docx,table_0,ok,Credit resolved via course-credit reference (program_catalog); original combined total was 6 hours covering multiple courses
ARMY_ARMY_ADVANCED_LEADER_COURSE_ALC,ARMY,Army Advanced Leader Course (ALC),ALC,BUS234,3,6,False,,Appendix J for website2026 (002).docx,table_0,ok,Credit resolved via course-credit reference (training:SHARP certification); original combined total was 6 hours covering multiple courses
ARMY_ARMY_BASIC_INSTRUCTOR_S_COURSE_ABIC,ARMY,Army Basic Instructor’s Course (ABIC),ABIC,COM231,3,6,False,,Appendix J for website2026 (002).docx,table_0,ok,Credit resolved via course-credit reference (program_catalog); original combined total was 6 hours covering multiple courses
ARMY_ARMY_BASIC_INSTRUCTOR_S_COURSE_ABIC,ARMY,Army Basic Instructor’s Course (ABIC),ABIC,EDU163,,6,True,,Appendix J for website2026 (002).docx,table_0,credits_unresolved,"Combined hours cover multiple courses; per-course credit not invented, see source_total_hours"
ARMY_ARMY_BASIC_LEADER_COURSE_BLC,ARMY,Army Basic Leader Course (BLC),BLC,COM120,3,6,False,,Appendix J for website2026 (002).docx,table_0,ok,Credit resolved via course-credit reference (program_catalog); original combined total was 6 hours covering multiple courses
ARMY_ARMY_BASIC_LEADER_COURSE_BLC,ARMY,Army Basic Leader Course (BLC),BLC,HUM230,3,6,False,,Appendix J for website2026 (002).docx,table_0,ok,Credit resolved via course-credit reference (program_catalog); original combined total was 6 hours covering multiple courses
ARMY_ARMY_BASIC_OFFICER_LEADER_COURSE_BOLC,ARMY,Army Basic Officer Leader Course (BOLC),BOLC,BUS135,3,9,False,,Appendix J for website2026 (002).docx,table_0,ok,Credit resolved via course-credit reference (program_catalog); original combined total was 9 hours covering multiple courses
ARMY_ARMY_BASIC_OFFICER_LEADER_COURSE_BOLC,ARMY,Army Basic Officer Leader Course (BOLC),BOLC,BUS255,3,9,False,,Appendix J for website2026 (002).docx,table_0,ok,Credit resolved via course-credit reference (program_catalog); original combined total was 9 hours covering multiple courses
ARMY_ARMY_BASIC_OFFICER_LEADER_COURSE_BOLC,ARMY,Army Basic Officer Leader Course (BOLC),BOLC,BUS153,3,9,False,,Appendix J for website2026 (002).docx,table_0,ok,Credit resolved via course-credit reference (program_catalog); original combined total was 9 hours covering multiple courses
ARMY_ARMY_BASIC_TRAINING,ARMY,Army Basic Training,,PED110,2,7,False,,Appendix J for website2026 (002).docx,table_0,ok,Credit resolved via course-credit reference (program_catalog); original combined total was 7 hours covering multiple courses
ARMY_ARMY_BASIC_TRAINING,ARMY,Army Basic Training,,PED172,,7,True,,Appendix J for website2026 (002).docx,table_0,credits_unresolved,"Combined hours cover multiple courses; per-course credit not invented, see source_total_hours"
ARMY_ARMY_BASIC_TRAINING,ARMY,Army Basic Training,,PED169,,7,True,,Appendix J for website2026 (002).docx,table_0,credits_unresolved,"Combined hours cover multiple courses; per-course credit not invented, see source_total_hours"
ARMY_ARMY_BASIC_TRAINING,ARMY,Army Basic Training,,HEA112,,7,True,,Appendix J for website2026 (002).docx,table_0,credits_unresolved,"Combined hours cover multiple courses; per-course credit not invented, see source_total_hours"
ARMY_ARMY_FIRST_SERGEANT_S_COURSE,ARMY,Army First Sergeant’s Course,,BUS261,,6,True,,Appendix J for website2026 (002).docx,table_0,credits_unresolved,"Combined hours cover multiple courses; per-course credit not invented, see source_total_hours"
ARMY_ARMY_FIRST_SERGEANT_S_COURSE,ARMY,Army First Sergeant’s Course,,BUS240,3,6,False,,Appendix J for website2026 (002).docx,table_0,ok,Credit resolved via course-credit reference (program_catalog); original combined total was 6 hours covering multiple courses
ARMY_ARMY_FORCE_MANAGEMENT_COURSE,ARMY,Army Force Management Course,,BUS255,3,3,False,,Appendix J for website2026 (002).docx,table_0,ok,
ARMY_ARMY_SERGEANT_MAJOR_S_ACADEMY,ARMY,Army Sergeant Major’s Academy,,HUM230,3,12,False,,Appendix J for website2026 (002).docx,table_0,ok,Credit resolved via course-credit reference (program_catalog); original combined total was 12 hours covering multiple courses
ARMY_ARMY_SERGEANT_MAJOR_S_ACADEMY,ARMY,Army Sergeant Major’s Academy,,POL220,3,12,False,,Appendix J for website2026 (002).docx,table_0,ok,Credit resolved via course-credit reference (program_catalog); original combined total was 12 hours covering multiple courses
ARMY_ARMY_SERGEANT_MAJOR_S_ACADEMY,ARMY,Army Sergeant Major’s Academy,,BUS255,3,12,False,,Appendix J for website2026 (002).docx,table_0,ok,Credit resolved via course-credit reference (program_catalog); original combined total was 12 hours covering multiple courses
ARMY_ARMY_SERGEANT_MAJOR_S_ACADEMY,ARMY,Army Sergeant Major’s Academy,,BUS260,3,12,False,,Appendix J for website2026 (002).docx,table_0,ok,Credit resolved via course-credit reference (program_catalog); original combined total was 12 hours covering multiple courses
ARMY_ARMY_SENIOR_LEADER_COURSE_SLC,ARMY,Army Senior Leader Course (SLC),SLC,BUS253,3,6,False,,Appendix J for website2026 (002).docx,table_0,ok,Credit resolved via course-credit reference (training:Distributed Leader III (DLC III)); original combined total was 6 hours covering multiple courses
ARMY_ARMY_SENIOR_LEADER_COURSE_SLC,ARMY,Army Senior Leader Course (SLC),SLC,BUS255,3,6,False,,Appendix J for website2026 (002).docx,table_0,ok,Credit resolved via course-credit reference (program_catalog); original combined total was 6 hours covering multiple courses
ARMY_ARMY_WARRIOR_LEADER_COURSE_WLC,ARMY,Army Warrior Leader Course (WLC),WLC,HUM230,3,6,False,,Appendix J for website2026 (002).docx,table_0,ok,Credit resolved via course-credit reference (program_catalog); original combined total was 6 hours covering multiple courses
ARMY_ARMY_WARRIOR_LEADER_COURSE_WLC,ARMY,Army Warrior Leader Course (WLC),WLC,BUS135,3,6,False,,Appendix J for website2026 (002).docx,table_0,ok,Credit resolved via course-credit reference (program_catalog); original combined total was 6 hours covering multiple courses
ARMY_ARMY_RECRUITING,ARMY,Army Recruiting,,COM120,3,6,False,,Appendix J for website2026 (002).docx,table_0,ok,Credit resolved via course-credit reference (program_catalog); original combined total was 6 hours covering multiple courses
ARMY_ARMY_RECRUITING,ARMY,Army Recruiting,,BUS256,,6,True,,Appendix J for website2026 (002).docx,table_0,credits_unresolved,"Combined hours cover multiple courses; per-course credit not invented, see source_total_hours"
ARMY_BASIC_MULTIMEDIA_ILLUSTRATOR,ARMY,Basic Multimedia Illustrator,,ART131,3,8,False,,Appendix J for website2026 (002).docx,table_0,ok,Credit resolved via course-credit reference (program_catalog); original combined total was 8 hours covering multiple courses
ARMY_BASIC_MULTIMEDIA_ILLUSTRATOR,ARMY,Basic Multimedia Illustrator,,OST233,,8,True,,Appendix J for website2026 (002).docx,table_0,credits_unresolved,"Combined hours cover multiple courses; per-course credit not invented, see source_total_hours"
ARMY_BASIC_MULTIMEDIA_ILLUSTRATOR,ARMY,Basic Multimedia Illustrator,,GRD271,,8,True,,Appendix J for website2026 (002).docx,table_0,credits_unresolved,"Combined hours cover multiple courses; per-course credit not invented, see source_total_hours"
ARMY_BASIC_NONCOMMISSIONED_OFFICER_COURSE_BNCOC,ARMY,Basic Noncommissioned Officer Course (BNCOC),BNCOC,BUS137,3,6,False,,Appendix J for website2026 (002).docx,table_0,ok,Credit resolved via course-credit reference (program_catalog); original combined total was 6 hours covering multiple courses
ARMY_BASIC_NONCOMMISSIONED_OFFICER_COURSE_BNCOC,ARMY,Basic Noncommissioned Officer Course (BNCOC),BNCOC,BUS234,3,6,False,,Appendix J for website2026 (002).docx,table_0,ok,Credit resolved via course-credit reference (training:SHARP certification); original combined total was 6 hours covering multiple courses
ARMY_BASIC_STILL_PHOTOGRAPHY,ARMY,Basic Still Photography,,ART261,,6,True,,Appendix J for website2026 (002).docx,table_0,credits_unresolved,"Combined hours cover multiple courses; per-course credit not invented, see source_total_hours"
ARMY_BASIC_STILL_PHOTOGRAPHY,ARMY,Basic Still Photography,,ART264,3,6,False,,Appendix J for website2026 (002).docx,table_0,ok,Credit resolved via course-credit reference (training:Intermediate Photojournalism); original combined total was 6 hours covering multiple courses
ARMY_BATTLE_STAFF_OPERATIONS_COURSE,ARMY,Battle Staff Operations Course,,BUS260,3,3,False,,Appendix J for website2026 (002).docx,table_0,ok,
ARMY_BATTLEFIELD_SPECTRUM_MANAGEMENT,ARMY,Battlefield Spectrum Management,,NOS110,3,6,False,,Appendix J for website2026 (002).docx,table_0,ok,Credit resolved via course-credit reference (program_catalog); original combined total was 6 hours covering multiple courses
ARMY_BATTLEFIELD_SPECTRUM_MANAGEMENT,ARMY,Battlefield Spectrum Management,,OMT110,3,6,False,,Appendix J for website2026 (002).docx,table_0,ok,Credit resolved via course-credit reference (program_catalog); original combined total was 6 hours covering multiple courses
ARMY_CBRNE_BASIC_DEFENSE_COURSE,ARMY,CBRNE Basic Defense Course,,EPT150,,6,True,,Appendix J for website2026 (002).docx,table_0,credits_unresolved,"Combined hours cover multiple courses; per-course credit not invented, see source_total_hours"
ARMY_CBRNE_BASIC_DEFENSE_COURSE,ARMY,CBRNE Basic Defense Course,,OMT156,3,6,False,,Appendix J for website2026 (002).docx,table_0,ok,Credit resolved via course-credit reference (program_catalog); original combined total was 6 hours covering multiple courses
ARMY_COMMON_FACULTY_DEVELOPMENT_INSTRUCTOR,ARMY,Common Faculty Development-Instructor,,COM231,3,6,False,,Appendix J for website2026 (002).docx,table_0,ok,Credit resolved via course-credit reference (program_catalog); original combined total was 6 hours covering multiple courses
ARMY_COMMON_FACULTY_DEVELOPMENT_INSTRUCTOR,ARMY,Common Faculty Development-Instructor,,EDU163,,6,True,,Appendix J for website2026 (002).docx,table_0,credits_unresolved,"Combined hours cover multiple courses; per-course credit not invented, see source_total_hours"
ARMY_COMBAT_ADVISOR_TRAINING,ARMY,Combat Advisor Training,,HUM115,3,15,False,,Appendix J for website2026 (002).docx,table_0,ok,Credit resolved via course-credit reference (program_catalog); original combined total was 15 hours covering multiple courses
ARMY_COMBAT_ADVISOR_TRAINING,ARMY,Combat Advisor Training,,EDU163,,15,True,,Appendix J for website2026 (002).docx,table_0,credits_unresolved,"Combined hours cover multiple courses; per-course credit not invented, see source_total_hours"
ARMY_COMBAT_ADVISOR_TRAINING,ARMY,Combat Advisor Training,,COM120,3,15,False,,Appendix J for website2026 (002).docx,table_0,ok,Credit resolved via course-credit reference (program_catalog); original combined total was 15 hours covering multiple courses
ARMY_COMBAT_ADVISOR_TRAINING,ARMY,Combat Advisor Training,,COM140,3,15,False,,Appendix J for website2026 (002).docx,table_0,ok,Credit resolved via course-credit reference (program_catalog); original combined total was 15 hours covering multiple courses
ARMY_COMBAT_ADVISOR_TRAINING,ARMY,Combat Advisor Training,,OMT110,3,15,False,,Appendix J for website2026 (002).docx,table_0,ok,Credit resolved via course-credit reference (program_catalog); original combined total was 15 hours covering multiple courses
ARMY_COMSEC_ACCOUNT_MANAGER,ARMY,COMSEC Account Manager,,NET110,3,3,False,,Appendix J for website2026 (002).docx,table_0,ok,
ARMY_DEMONSTRATED_LOGISTICIAN_SOLE,ARMY,Demonstrated Logistician-SOLE,,BUS274,3,3,False,,Appendix J for website2026 (002).docx,table_0,ok,
ARMY_DEFENSE_DISTRIBUTION_MANAGEMENT,ARMY,Defense Distribution Management,,LOG211,3,3,False,,Appendix J for website2026 (002).docx,table_0,ok,
ARMY_DIGITAL_MULTIMEDIA,ARMY,Digital Multimedia,,GRD141,4,4,False,,Appendix J for website2026 (002).docx,table_0,ok,
ARMY_DISTRIBUTED_LEADER_I_DLC_I,ARMY,Distributed Leader I (DLC I),DLC I,BUS135,3,3,False,,Appendix J for website2026 (002).docx,table_0,ok,
ARMY_DISTRIBUTED_LEADER_II_DLC_II,ARMY,Distributed Leader II (DLC II),DLC II,COM120,3,3,False,,Appendix J for website2026 (002).docx,table_0,ok,
ARMY_DISTRIBUTED_LEADER_III_DLC_III,ARMY,Distributed Leader III (DLC III),DLC III,BUS253,3,3,False,,Appendix J for website2026 (002).docx,table_0,ok,
ARMY_DISTRIBUTED_LEADER_IV_DLC_IV,ARMY,Distributed Leader IV (DLC IV),DLC IV,HUM230,3,3,False,,Appendix J for website2026 (002).docx,table_0,ok,
ARMY_DISTRIBUTED_LEADER_V_DLC_V,ARMY,Distributed Leader V (DLC V),DLC V,BUS255,3,3,False,,Appendix J for website2026 (002).docx,table_0,ok,
ARMY_DRILL_SERGEANT,ARMY,Drill Sergeant,,BUS255,3,9,False,,Appendix J for website2026 (002).docx,table_0,ok,Credit resolved via course-credit reference (program_catalog); original combined total was 9 hours covering multiple courses
ARMY_DRILL_SERGEANT,ARMY,Drill Sergeant,,HEA110,3,9,False,,Appendix J for website2026 (002).docx,table_0,ok,Credit resolved via course-credit reference (training:Master Fitness); original combined total was 9 hours covering multiple courses
ARMY_DRILL_SERGEANT,ARMY,Drill Sergeant,,COM231,3,9,False,,Appendix J for website2026 (002).docx,table_0,ok,Credit resolved via course-credit reference (program_catalog); original combined total was 9 hours covering multiple courses
ARMY_EMERGENCY_MEDICAL_MINISTRY,ARMY,Emergency Medical Ministry,,PSY141,3,3,False,,Appendix J for website2026 (002).docx,table_0,ok,
ARMY_ELECTROMAGNETIC_SPECTRUM_MANAGER,ARMY,Electromagnetic Spectrum Manager,,NET110,3,6,False,,Appendix J for website2026 (002).docx,table_0,ok,Credit resolved via course-credit reference (program_catalog); original combined total was 6 hours covering multiple courses
ARMY_ELECTROMAGNETIC_SPECTRUM_MANAGER,ARMY,Electromagnetic Spectrum Manager,,NOS110,3,6,False,,Appendix J for website2026 (002).docx,table_0,ok,Credit resolved via course-credit reference (program_catalog); original combined total was 6 hours covering multiple courses
ARMY_EQUAL_OPPORTUNITY_DEOMI,ARMY,Equal Opportunity DEOMI,,BUS261,,12,True,,Appendix J for website2026 (002).docx,table_0,credits_unresolved,"Combined hours cover multiple courses; per-course credit not invented, see source_total_hours"
ARMY_EQUAL_OPPORTUNITY_DEOMI,ARMY,Equal Opportunity DEOMI,,SOC230,3,12,False,,Appendix J for website2026 (002).docx,table_0,ok,Credit resolved via course-credit reference (program_catalog); original combined total was 12 hours covering multiple courses
ARMY_EQUAL_OPPORTUNITY_DEOMI,ARMY,Equal Opportunity DEOMI,,BUS255,3,12,False,,Appendix J for website2026 (002).docx,table_0,ok,Credit resolved via course-credit reference (program_catalog); original combined total was 12 hours covering multiple courses
ARMY_EQUAL_OPPORTUNITY_DEOMI,ARMY,Equal Opportunity DEOMI,,BUS153,3,12,False,,Appendix J for website2026 (002).docx,table_0,ok,Credit resolved via course-credit reference (program_catalog); original combined total was 12 hours covering multiple courses
ARMY_EQUAL_OPPORTUNITY_DEOMI,ARMY,Equal Opportunity DEOMI,,COM120,3,12,False,,Appendix J for website2026 (002).docx,table_0,ok,Credit resolved via course-credit reference (program_catalog); original combined total was 12 hours covering multiple courses
ARMY_EQUAL_OPPORTUNITY_LOCAL,ARMY,Equal Opportunity Local,,COM120,3,3,False,,Appendix J for website2026 (002).docx,table_0,ok,
ARMY_FOUNDATION_INSTRUCTOR_FACILITATOR_COURSE,ARMY,Foundation Instructor Facilitator Course,,COM231,3,3,False,,Appendix J for website2026 (002).docx,table_0,ok,
ARMY_FUNDAMENTALS_OF_GEOGRAPHIC_SYSTEMS,ARMY,Fundamentals of Geographic Systems,,GIS111,3,3,False,,Appendix J for website2026 (002).docx,table_0,ok,
ARMY_GEOINT_PROFESSIONAL_FUNDAMENTALS,ARMY,Geoint Professional Fundamentals,,ITL245,3,3,False,,Appendix J for website2026 (002).docx,table_0,ok,
ARMY_HAZMAT_FAMILIARIZATION_SAFETY,ARMY,Hazmat Familiarization/Safety,,FIP230,5,5,False,,Appendix J for website2026 (002).docx,table_0,ok,
ARMY_INTERMEDIATE_PHOTOJOURNALISM,ARMY,Intermediate Photojournalism,,ART264,3,3,False,,Appendix J for website2026 (002).docx,table_0,ok,
ARMY_JOINT_FUNDAMENTALS_COURSE,ARMY,Joint Fundamentals Course,,BUS255,3,3,False,,Appendix J for website2026 (002).docx,table_0,ok,
ARMY_JOINT_OPERATIONS_COMM_SCHOOL_1,ARMY,Joint Operations Comm School 1,,CTS120,3,19,False,,Appendix J for website2026 (002).docx,table_0,ok,Credit resolved via course-credit reference (program_catalog); original combined total was 19 hours covering multiple courses
ARMY_JOINT_OPERATIONS_COMM_SCHOOL_1,ARMY,Joint Operations Comm School 1,,DBA110,3,19,False,,Appendix J for website2026 (002).docx,table_0,ok,Credit resolved via course-credit reference (program_catalog); original combined total was 19 hours covering multiple courses
ARMY_JOINT_OPERATIONS_COMM_SCHOOL_1,ARMY,Joint Operations Comm School 1,,NET110,3,19,False,,Appendix J for website2026 (002).docx,table_0,ok,Credit resolved via course-credit reference (program_catalog); original combined total was 19 hours covering multiple courses
ARMY_JOINT_OPERATIONS_COMM_SCHOOL_1,ARMY,Joint Operations Comm School 1,,NET125,3,19,False,,Appendix J for website2026 (002).docx,table_0,ok,Credit resolved via course-credit reference (program_catalog); original combined total was 19 hours covering multiple courses
ARMY_JOINT_OPERATIONS_COMM_SCHOOL_1,ARMY,Joint Operations Comm School 1,,NET126,3,19,False,,Appendix J for website2026 (002).docx,table_0,ok,Credit resolved via course-credit reference (program_catalog); original combined total was 19 hours covering multiple courses
ARMY_JCSE_JSAT_C_JCU,ARMY,JCSE (JSAT-C) JCU,,CIS110,3,27,False,,Appendix J for website2026 (002).docx,table_0,ok,Credit resolved via course-credit reference (program_catalog); original combined total was 27 hours covering multiple courses
ARMY_JCSE_JSAT_C_JCU,ARMY,JCSE (JSAT-C) JCU,,NET110,3,27,False,,Appendix J for website2026 (002).docx,table_0,ok,Credit resolved via course-credit reference (program_catalog); original combined total was 27 hours covering multiple courses
ARMY_JCSE_JSAT_C_JCU,ARMY,JCSE (JSAT-C) JCU,,CTI120,3,27,False,,Appendix J for website2026 (002).docx,table_0,ok,Credit resolved via course-credit reference (program_catalog); original combined total was 27 hours covering multiple courses
ARMY_JCSE_JSAT_C_JCU,ARMY,JCSE (JSAT-C) JCU,,SEC110,3,27,False,,Appendix J for website2026 (002).docx,table_0,ok,Credit resolved via course-credit reference (program_catalog); original combined total was 27 hours covering multiple courses
ARMY_JCSE_JSAT_C_JCU,ARMY,JCSE (JSAT-C) JCU,,NOS130,3,27,False,,Appendix J for website2026 (002).docx,table_0,ok,Credit resolved via course-credit reference (program_catalog); original combined total was 27 hours covering multiple courses
ARMY_JCSE_JSAT_C_JCU,ARMY,JCSE (JSAT-C) JCU,,NOS230,3,27,False,,Appendix J for website2026 (002).docx,table_0,ok,Credit resolved via course-credit reference (program_catalog); original combined total was 27 hours covering multiple courses
ARMY_JCSE_JSAT_C_JCU,ARMY,JCSE (JSAT-C) JCU,,NET125,3,27,False,,Appendix J for website2026 (002).docx,table_0,ok,Credit resolved via course-credit reference (program_catalog); original combined total was 27 hours covering multiple courses
ARMY_JCSE_JSAT_C_JCU,ARMY,JCSE (JSAT-C) JCU,,NET126,3,27,False,,Appendix J for website2026 (002).docx,table_0,ok,Credit resolved via course-credit reference (program_catalog); original combined total was 27 hours covering multiple courses
ARMY_JCSE_JSAT_C_JCU,ARMY,JCSE (JSAT-C) JCU,,OMT110,3,27,False,,Appendix J for website2026 (002).docx,table_0,ok,Credit resolved via course-credit reference (program_catalog); original combined total was 27 hours covering multiple courses
ARMY_JUMPMASTER,ARMY,Jumpmaster,,OMT110,3,3,False,,Appendix J for website2026 (002).docx,table_0,ok,
ARMY_MANAGEMENT_CLIENT_COURSE,ARMY,Management Client Course,,CTI120,3,6,False,,Appendix J for website2026 (002).docx,table_0,ok,Credit resolved via course-credit reference (program_catalog); original combined total was 6 hours covering multiple courses
ARMY_MANAGEMENT_CLIENT_COURSE,ARMY,Management Client Course,,CTS115,3,6,False,,Appendix J for website2026 (002).docx,table_0,ok,Credit resolved via course-credit reference (program_catalog); original combined total was 6 hours covering multiple courses
ARMY_MASTER_FITNESS,ARMY,Master Fitness,,HEA110,3,3,False,,Appendix J for website2026 (002).docx,table_0,ok,
ARMY_MILITARY_FLIGHT_INSTRUCTOR,ARMY,Military Flight Instructor,,COM120,3,3,False,,Appendix J for website2026 (002).docx,table_0,ok,
ARMY_MASTER_LEADER_COURSE_MLC,ARMY,Master Leader Course (MLC),MLC,BUS240,3,6,False,,Appendix J for website2026 (002).docx,table_0,ok,Credit resolved via course-credit reference (program_catalog); original combined total was 6 hours covering multiple courses
ARMY_MASTER_LEADER_COURSE_MLC,ARMY,Master Leader Course (MLC),MLC,BUS261,,6,True,,Appendix J for website2026 (002).docx,table_0,credits_unresolved,"Combined hours cover multiple courses; per-course credit not invented, see source_total_hours"
ARMY_MASTER_RESILIENCE_TRAINING_MRT,ARMY,Master Resilience Training (MRT),MRT,SOC240,3,3,False,,Appendix J for website2026 (002).docx,table_0,ok,
ARMY_MILITARY_POLICE_INVESTIGATIONS_MPI,ARMY,Military Police Investigations (MPI),MPI,CJC221,4,10,False,,Appendix J for website2026 (002).docx,table_0,ok,Credit resolved via course-credit reference (program_catalog); original combined total was 10 hours covering multiple courses
ARMY_MILITARY_POLICE_INVESTIGATIONS_MPI,ARMY,Military Police Investigations (MPI),MPI,CJC144,,10,True,,Appendix J for website2026 (002).docx,table_0,credits_unresolved,"Combined hours cover multiple courses; per-course credit not invented, see source_total_hours"
ARMY_MILITARY_POLICE_INVESTIGATIONS_MPI,ARMY,Military Police Investigations (MPI),MPI,CJC222,3,10,False,,Appendix J for website2026 (002).docx,table_0,ok,Credit resolved via course-credit reference (program_catalog); original combined total was 10 hours covering multiple courses
ARMY_DRUG_SUPPRESSION_COURSE,ARMY,Drug Suppression Course,,CJC213,3,3,False,,Appendix J for website2026 (002).docx,table_0,ok,
ARMY_CRIMINAL_INVESTIGATIONS_DIVISION_SCHOOL_CID,ARMY,Criminal Investigations Division School (CID),CID,CJC144,,7,True,,Appendix J for website2026 (002).docx,table_0,credits_unresolved,"Combined hours cover multiple courses; per-course credit not invented, see source_total_hours"
ARMY_CRIMINAL_INVESTIGATIONS_DIVISION_SCHOOL_CID,ARMY,Criminal Investigations Division School (CID),CID,CJC221,4,7,False,,Appendix J for website2026 (002).docx,table_0,ok,Credit resolved via course-credit reference (program_catalog); original combined total was 7 hours covering multiple courses
ARMY_CORRECTIONS_SPECIALIST,ARMY,Corrections Specialist,,CJC141,3,3,False,,Appendix J for website2026 (002).docx,table_0,ok,
ARMY_NEGOTIATIONS_MEDIATIONS,ARMY,Negotiations & Mediations,,CJC120,2,2,False,,Appendix J for website2026 (002).docx,table_0,ok,
ARMY_OFFICER_CANDIDATE_SCHOOL_OCS,ARMY,Officer Candidate School (OCS),OCS,BUS135,3,18,False,,Appendix J for website2026 (002).docx,table_0,ok,Credit resolved via course-credit reference (program_catalog); original combined total was 18 hours covering multiple courses
ARMY_OFFICER_CANDIDATE_SCHOOL_OCS,ARMY,Officer Candidate School (OCS),OCS,HUM115,3,18,False,,Appendix J for website2026 (002).docx,table_0,ok,Credit resolved via course-credit reference (program_catalog); original combined total was 18 hours covering multiple courses
ARMY_OFFICER_CANDIDATE_SCHOOL_OCS,ARMY,Officer Candidate School (OCS),OCS,BUS137,3,18,False,,Appendix J for website2026 (002).docx,table_0,ok,Credit resolved via course-credit reference (program_catalog); original combined total was 18 hours covering multiple courses
ARMY_OFFICER_CANDIDATE_SCHOOL_OCS,ARMY,Officer Candidate School (OCS),OCS,BUS153,3,18,False,,Appendix J for website2026 (002).docx,table_0,ok,Credit resolved via course-credit reference (program_catalog); original combined total was 18 hours covering multiple courses
ARMY_OFFICER_CANDIDATE_SCHOOL_OCS,ARMY,Officer Candidate School (OCS),OCS,BUS253,3,18,False,,Appendix J for website2026 (002).docx,table_0,ok,Credit resolved via course-credit reference (training:Distributed Leader III (DLC III)); original combined total was 18 hours covering multiple courses
ARMY_OFFICER_CANDIDATE_SCHOOL_OCS,ARMY,Officer Candidate School (OCS),OCS,COM120,3,18,False,,Appendix J for website2026 (002).docx,table_0,ok,Credit resolved via course-credit reference (program_catalog); original combined total was 18 hours covering multiple courses
ARMY_OPERATIONAL_CONTRACT_SUPPORT_CONTRACTING_OFFICER_REP_COR,ARMY,Operational Contract Support/Contracting Officer Rep (COR),COR,BUS274,3,3,False,,Appendix J for website2026 (002).docx,table_0,ok,
ARMY_PATHFINDER,ARMY,Pathfinder,,OMT110,3,3,False,,Appendix J for website2026 (002).docx,table_0,ok,
ARMY_PRIMARY_LEADERSHIP_DEVELOPMENT_COURSE_PLDC,ARMY,Primary Leadership Development Course (PLDC),PLDC,HUM230,3,6,False,,Appendix J for website2026 (002).docx,table_0,ok,Credit resolved via course-credit reference (program_catalog); original combined total was 6 hours covering multiple courses
ARMY_PRIMARY_LEADERSHIP_DEVELOPMENT_COURSE_PLDC,ARMY,Primary Leadership Development Course (PLDC),PLDC,BUS135,3,6,False,,Appendix J for website2026 (002).docx,table_0,ok,Credit resolved via course-credit reference (program_catalog); original combined total was 6 hours covering multiple courses
ARMY_PROJECT_MANAGEMENT,ARMY,Project Management,,PMT110,3,3,False,,Appendix J for website2026 (002).docx,table_0,ok,
ARMY_RANGER,ARMY,Ranger,,HUM115,3,9,False,,Appendix J for website2026 (002).docx,table_0,ok,Credit resolved via course-credit reference (program_catalog); original combined total was 9 hours covering multiple courses
ARMY_RANGER,ARMY,Ranger,,CJC225,3,9,False,,Appendix J for website2026 (002).docx,table_0,ok,Credit resolved via course-credit reference (program_catalog); original combined total was 9 hours covering multiple courses
ARMY_RANGER,ARMY,Ranger,,GEO110,3,9,False,,Appendix J for website2026 (002).docx,table_0,ok,Credit resolved via course-credit reference (program_catalog); original combined total was 9 hours covering multiple courses
ARMY_RANGER_REGIMENT_75TH_RRC,ARMY,Ranger Regiment 75th RRC,,CJC160,3,28,False,,Appendix J for website2026 (002).docx,table_0,ok,Credit resolved via course-credit reference (program_catalog); original combined total was 28 hours covering multiple courses
ARMY_RANGER_REGIMENT_75TH_RRC,ARMY,Ranger Regiment 75th RRC,,CJC161,3,28,False,,Appendix J for website2026 (002).docx,table_0,ok,Credit resolved via course-credit reference (program_catalog); original combined total was 28 hours covering multiple courses
ARMY_RANGER_REGIMENT_75TH_RRC,ARMY,Ranger Regiment 75th RRC,,CJC162,3,28,False,,Appendix J for website2026 (002).docx,table_0,ok,Credit resolved via course-credit reference (program_catalog); original combined total was 28 hours covering multiple courses
ARMY_RANGER_REGIMENT_75TH_RRC,ARMY,Ranger Regiment 75th RRC,,CJC163,3,28,False,,Appendix J for website2026 (002).docx,table_0,ok,Credit resolved via course-credit reference (program_catalog); original combined total was 28 hours covering multiple courses
ARMY_RANGER_REGIMENT_75TH_RRC,ARMY,Ranger Regiment 75th RRC,,CJC225,3,28,False,,Appendix J for website2026 (002).docx,table_0,ok,Credit resolved via course-credit reference (program_catalog); original combined total was 28 hours covering multiple courses
ARMY_RANGER_REGIMENT_75TH_RRC,ARMY,Ranger Regiment 75th RRC,,CJC260,2,28,False,,Appendix J for website2026 (002).docx,table_0,ok,Credit resolved via course-credit reference (program_catalog); original combined total was 28 hours covering multiple courses
ARMY_RANGER_REGIMENT_75TH_RRC,ARMY,Ranger Regiment 75th RRC,,CJC262,2,28,False,,Appendix J for website2026 (002).docx,table_0,ok,Credit resolved via course-credit reference (program_catalog); original combined total was 28 hours covering multiple courses
ARMY_RANGER_REGIMENT_75TH_RRC,ARMY,Ranger Regiment 75th RRC,,GEO110,3,28,False,,Appendix J for website2026 (002).docx,table_0,ok,Credit resolved via course-credit reference (program_catalog); original combined total was 28 hours covering multiple courses
ARMY_RANGER_REGIMENT_75TH_RRC,ARMY,Ranger Regiment 75th RRC,,HUM115,3,28,False,,Appendix J for website2026 (002).docx,table_0,ok,Credit resolved via course-credit reference (program_catalog); original combined total was 28 hours covering multiple courses
ARMY_RANGER_REGIMENT_75TH_RRC,ARMY,Ranger Regiment 75th RRC,,OMT110,3,28,False,,Appendix J for website2026 (002).docx,table_0,ok,Credit resolved via course-credit reference (program_catalog); original combined total was 28 hours covering multiple courses
ARMY_RECONNAISSANCE_SURVEILLANCE_LEADER,ARMY,Reconnaissance & Surveillance Leader,,HUM115,3,9,False,,Appendix J for website2026 (002).docx,table_0,ok,Credit resolved via course-credit reference (program_catalog); original combined total was 9 hours covering multiple courses
ARMY_RECONNAISSANCE_SURVEILLANCE_LEADER,ARMY,Reconnaissance & Surveillance Leader,,OMT110,3,9,False,,Appendix J for website2026 (002).docx,table_0,ok,Credit resolved via course-credit reference (program_catalog); original combined total was 9 hours covering multiple courses
ARMY_RECONNAISSANCE_SURVEILLANCE_LEADER,ARMY,Reconnaissance & Surveillance Leader,,OMT156,3,9,False,,Appendix J for website2026 (002).docx,table_0,ok,Credit resolved via course-credit reference (program_catalog); original combined total was 9 hours covering multiple courses
ARMY_SWCS_REGIONAL_ANALYSIS,ARMY,SWCS Regional Analysis,,GEO111,3,3,False,,Appendix J for website2026 (002).docx,table_0,ok,
ARMY_SAPPER_LEADER,ARMY,Sapper Leader,,OMT260,,6,True,,Appendix J for website2026 (002).docx,table_0,credits_unresolved,"Combined hours cover multiple courses; per-course credit not invented, see source_total_hours"
ARMY_SAPPER_LEADER,ARMY,Sapper Leader,,OMT156,3,6,False,,Appendix J for website2026 (002).docx,table_0,ok,Credit resolved via course-credit reference (program_catalog); original combined total was 6 hours covering multiple courses
ARMY_SHARP_CERTIFICATION,ARMY,SHARP certification,,BUS234,3,3,False,,Appendix J for website2026 (002).docx,table_1,ok,
ARMY_SOCM_SPECIAL_OPERATIONS_COMBAT_MEDIC_COURSE,ARMY,SOCM-Special Operations Combat Medic Course,,BIO163,5,34,False,,Appendix J for website2026 (002).docx,table_1,ok,Credit resolved via course-credit reference (program_catalog); original combined total was 34 hours covering multiple courses
ARMY_SOCM_SPECIAL_OPERATIONS_COMBAT_MEDIC_COURSE,ARMY,SOCM-Special Operations Combat Medic Course,,HSC120,,34,True,,Appendix J for website2026 (002).docx,table_1,credits_unresolved,"Combined hours cover multiple courses; per-course credit not invented, see source_total_hours"
ARMY_SOCM_SPECIAL_OPERATIONS_COMBAT_MEDIC_COURSE,ARMY,SOCM-Special Operations Combat Medic Course,,MED120,2,34,False,,Appendix J for website2026 (002).docx,table_1,ok,Credit resolved via course-credit reference (program_catalog); original combined total was 34 hours covering multiple courses
ARMY_SOCM_SPECIAL_OPERATIONS_COMBAT_MEDIC_COURSE,ARMY,SOCM-Special Operations Combat Medic Course,,EMS110,9,34,False,,Appendix J for website2026 (002).docx,table_1,ok,Credit resolved via course-credit reference (program_catalog); original combined total was 34 hours covering multiple courses
ARMY_SOCM_SPECIAL_OPERATIONS_COMBAT_MEDIC_COURSE,ARMY,SOCM-Special Operations Combat Medic Course,,EMS122,1,34,False,,Appendix J for website2026 (002).docx,table_1,ok,Credit resolved via course-credit reference (program_catalog); original combined total was 34 hours covering multiple courses
ARMY_SOCM_SPECIAL_OPERATIONS_COMBAT_MEDIC_COURSE,ARMY,SOCM-Special Operations Combat Medic Course,,EMS130,4,34,False,,Appendix J for website2026 (002).docx,table_1,ok,Credit resolved via course-credit reference (program_catalog); original combined total was 34 hours covering multiple courses
ARMY_SOCM_SPECIAL_OPERATIONS_COMBAT_MEDIC_COURSE,ARMY,SOCM-Special Operations Combat Medic Course,,EMS131,2,34,False,,Appendix J for website2026 (002).docx,table_1,ok,Credit resolved via course-credit reference (program_catalog); original combined total was 34 hours covering multiple courses
ARMY_SOCM_SPECIAL_OPERATIONS_COMBAT_MEDIC_COURSE,ARMY,SOCM-Special Operations Combat Medic Course,,EMS140,2,34,False,,Appendix J for website2026 (002).docx,table_1,ok,Credit resolved via course-credit reference (program_catalog); original combined total was 34 hours covering multiple courses
ARMY_SOCM_SPECIAL_OPERATIONS_COMBAT_MEDIC_COURSE,ARMY,SOCM-Special Operations Combat Medic Course,,EMS240,2,34,False,,Appendix J for website2026 (002).docx,table_1,ok,Credit resolved via course-credit reference (program_catalog); original combined total was 34 hours covering multiple courses
ARMY_SOCM_SPECIAL_OPERATIONS_COMBAT_MEDIC_COURSE,ARMY,SOCM-Special Operations Combat Medic Course,,EMS250,4,34,False,,Appendix J for website2026 (002).docx,table_1,ok,Credit resolved via course-credit reference (program_catalog); original combined total was 34 hours covering multiple courses
ARMY_SOCM_SPECIAL_OPERATIONS_COMBAT_MEDIC_COURSE,ARMY,SOCM-Special Operations Combat Medic Course,,EMS260,2,34,False,,Appendix J for website2026 (002).docx,table_1,ok,Credit resolved via course-credit reference (program_catalog); original combined total was 34 hours covering multiple courses
ARMY_SPECIAL_OPERATIONS_RADIO_OPERATOR_SOROC,ARMY,Special Operations Radio Operator (SOROC),SOROC,NET125,3,30,False,,Appendix J for website2026 (002).docx,table_1,ok,Credit resolved via course-credit reference (program_catalog); original combined total was 30 hours covering multiple courses
ARMY_SPECIAL_OPERATIONS_RADIO_OPERATOR_SOROC,ARMY,Special Operations Radio Operator (SOROC),SOROC,NET126,3,30,False,,Appendix J for website2026 (002).docx,table_1,ok,Credit resolved via course-credit reference (program_catalog); original combined total was 30 hours covering multiple courses
ARMY_SPECIAL_OPERATIONS_RADIO_OPERATOR_SOROC,ARMY,Special Operations Radio Operator (SOROC),SOROC,NET225,3,30,False,,Appendix J for website2026 (002).docx,table_1,ok,Credit resolved via course-credit reference (program_catalog); original combined total was 30 hours covering multiple courses
ARMY_SPECIAL_OPERATIONS_RADIO_OPERATOR_SOROC,ARMY,Special Operations Radio Operator (SOROC),SOROC,NET226,3,30,False,,Appendix J for website2026 (002).docx,table_1,ok,Credit resolved via course-credit reference (program_catalog); original combined total was 30 hours covering multiple courses
ARMY_SPECIAL_OPERATIONS_RADIO_OPERATOR_SOROC,ARMY,Special Operations Radio Operator (SOROC),SOROC,SEC110,3,30,False,,Appendix J for website2026 (002).docx,table_1,ok,Credit resolved via course-credit reference (program_catalog); original combined total was 30 hours covering multiple courses
ARMY_SPECIAL_OPERATIONS_RADIO_OPERATOR_SOROC,ARMY,Special Operations Radio Operator (SOROC),SOROC,CIS110,3,30,False,,Appendix J for website2026 (002).docx,table_1,ok,Credit resolved via course-credit reference (program_catalog); original combined total was 30 hours covering multiple courses
ARMY_SPECIAL_OPERATIONS_RADIO_OPERATOR_SOROC,ARMY,Special Operations Radio Operator (SOROC),SOROC,CTS120,3,30,False,,Appendix J for website2026 (002).docx,table_1,ok,Credit resolved via course-credit reference (program_catalog); original combined total was 30 hours covering multiple courses
ARMY_SPECIAL_OPERATIONS_RADIO_OPERATOR_SOROC,ARMY,Special Operations Radio Operator (SOROC),SOROC,CTS220,3,30,False,,Appendix J for website2026 (002).docx,table_1,ok,Credit resolved via course-credit reference (program_catalog); original combined total was 30 hours covering multiple courses
ARMY_SPECIAL_OPERATIONS_RADIO_OPERATOR_SOROC,ARMY,Special Operations Radio Operator (SOROC),SOROC,NET110,3,30,False,,Appendix J for website2026 (002).docx,table_1,ok,Credit resolved via course-credit reference (program_catalog); original combined total was 30 hours covering multiple courses
ARMY_SPECIAL_OPERATIONS_RADIO_OPERATOR_SOROC,ARMY,Special Operations Radio Operator (SOROC),SOROC,NOS110,3,30,False,,Appendix J for website2026 (002).docx,table_1,ok,Credit resolved via course-credit reference (program_catalog); original combined total was 30 hours covering multiple courses
ARMY_SNIPER,ARMY,Sniper,,OMT156,3,3,False,,Appendix J for website2026 (002).docx,table_1,ok,
ARMY_STRUCTURED_SELF_DEVELOPMENT_I_SSD_I,ARMY,Structured Self Development I (SSD I),SSD I,PSY118,3,3,False,,Appendix J for website2026 (002).docx,table_1,ok,
ARMY_STRUCTURED_SELF_DEVELOPMENT_II_SSD_II,ARMY,Structured Self Development II (SSD II),SSD II,OMT110,3,3,False,,Appendix J for website2026 (002).docx,table_1,ok,
ARMY_STRUCTURED_SELF_DEVELOPMENT_III_SSD_III,ARMY,Structured Self Development III (SSD III),SSD III,OMT156,3,3,False,,Appendix J for website2026 (002).docx,table_1,ok,
ARMY_STRUCTURED_SELF_DEVELOPMENT_IV_SSD_IV,ARMY,Structured Self Development IV (SSD IV),SSD IV,LOG110,3,3,False,,Appendix J for website2026 (002).docx,table_1,ok,
ARMY_STRUCTURED_SELF_DEVELOPMENT_V_SSD_V,ARMY,Structured Self Development V (SSD V),SSD V,LOG110,3,3,False,,Appendix J for website2026 (002).docx,table_1,ok,
ARMY_SUPPORT_OPERATIONS,ARMY,Support Operations,,LOG110,3,3,False,,Appendix J for website2026 (002).docx,table_1,ok,
ARMY_UNIT_ARMORER_CERTIFICATION,ARMY,Unit Armorer Certification,,OST137,3,3,False,,Appendix J for website2026 (002).docx,table_1,ok,
ARMY_UNIT_MOVEMENT_OFFICER_DEPLOYMENT_PLANNING,ARMY,Unit Movement Officer Deployment Planning,,LOG125,3,3,False,,Appendix J for website2026 (002).docx,table_1,ok,
ARMY_UNIT_TRAINER_UNIT_PREVENTION_LEADER_UPL,ARMY,Unit Trainer/Unit Prevention Leader (UPL),UPL,BUS234,3,3,False,,Appendix J for website2026 (002).docx,table_1,ok,
ARMY_WARRANT_OFFICER_ADVANCED_COURSE_WOAC,ARMY,Warrant Officer Advanced Course (WOAC),WOAC,CJC160,3,3,False,,Appendix J for website2026 (002).docx,table_1,ok,
ARMY_WARRANT_OFFICER_BASIC_COURSE_WOBC,ARMY,Warrant Officer Basic Course (WOBC),WOBC,COM231,3,12,False,,Appendix J for website2026 (002).docx,table_1,ok,Credit resolved via course-credit reference (program_catalog); original combined total was 12 hours covering multiple courses
ARMY_WARRANT_OFFICER_BASIC_COURSE_WOBC,ARMY,Warrant Officer Basic Course (WOBC),WOBC,OMT110,3,12,False,,Appendix J for website2026 (002).docx,table_1,ok,Credit resolved via course-credit reference (program_catalog); original combined total was 12 hours covering multiple courses
ARMY_WARRANT_OFFICER_BASIC_COURSE_WOBC,ARMY,Warrant Officer Basic Course (WOBC),WOBC,OST181,,12,True,,Appendix J for website2026 (002).docx,table_1,credits_unresolved,"Combined hours cover multiple courses; per-course credit not invented, see source_total_hours"
ARMY_WARRANT_OFFICER_CANDIDATE_SCHOOL_WOCS,ARMY,Warrant Officer Candidate School (WOCS),WOCS,BUS135,3,15,False,,Appendix J for website2026 (002).docx,table_1,ok,Credit resolved via course-credit reference (program_catalog); original combined total was 15 hours covering multiple courses
ARMY_WARRANT_OFFICER_CANDIDATE_SCHOOL_WOCS,ARMY,Warrant Officer Candidate School (WOCS),WOCS,BUS137,3,15,False,,Appendix J for website2026 (002).docx,table_1,ok,Credit resolved via course-credit reference (program_catalog); original combined total was 15 hours covering multiple courses
ARMY_WARRANT_OFFICER_CANDIDATE_SCHOOL_WOCS,ARMY,Warrant Officer Candidate School (WOCS),WOCS,BUS253,3,15,False,,Appendix J for website2026 (002).docx,table_1,ok,Credit resolved via course-credit reference (training:Distributed Leader III (DLC III)); original combined total was 15 hours covering multiple courses
ARMY_WARRANT_OFFICER_CANDIDATE_SCHOOL_WOCS,ARMY,Warrant Officer Candidate School (WOCS),WOCS,BUS260,3,15,False,,Appendix J for website2026 (002).docx,table_1,ok,Credit resolved via course-credit reference (program_catalog); original combined total was 15 hours covering multiple courses
ARMY_WARRANT_OFFICER_CANDIDATE_SCHOOL_WOCS,ARMY,Warrant Officer Candidate School (WOCS),WOCS,COM120,3,15,False,,Appendix J for website2026 (002).docx,table_1,ok,Credit resolved via course-credit reference (program_catalog); original combined total was 15 hours covering multiple courses
ARMY_WARRANT_OFFICER_STAFF_COURSE,ARMY,Warrant Officer Staff Course,,BUS153,3,6,False,,Appendix J for website2026 (002).docx,table_1,ok,Credit resolved via course-credit reference (program_catalog); original combined total was 6 hours covering multiple courses
ARMY_WARRANT_OFFICER_STAFF_COURSE,ARMY,Warrant Officer Staff Course,,BUS255,3,6,False,,Appendix J for website2026 (002).docx,table_1,ok,Credit resolved via course-credit reference (program_catalog); original combined total was 6 hours covering multiple courses
ARMY_WARRANT_OFFICER_SENIOR_STAFF_COURSE,ARMY,Warrant Officer Senior Staff Course,,BUS285,3,3,False,,Appendix J for website2026 (002).docx,table_1,ok,
ARMY_SF_WARRANT_OFFICER_TECHNICAL_TACTICAL_COURSE,ARMY,SF Warrant Officer Technical & Tactical Course,,COM231,3,12,False,,Appendix J for website2026 (002).docx,table_1,ok,Credit resolved via course-credit reference (program_catalog); original combined total was 12 hours covering multiple courses
ARMY_SF_WARRANT_OFFICER_TECHNICAL_TACTICAL_COURSE,ARMY,SF Warrant Officer Technical & Tactical Course,,ITL110,,12,True,,Appendix J for website2026 (002).docx,table_1,credits_unresolved,"Combined hours cover multiple courses; per-course credit not invented, see source_total_hours"
ARMY_SF_WARRANT_OFFICER_TECHNICAL_TACTICAL_COURSE,ARMY,SF Warrant Officer Technical & Tactical Course,,ITL115,,12,True,,Appendix J for website2026 (002).docx,table_1,credits_unresolved,"Combined hours cover multiple courses; per-course credit not invented, see source_total_hours"
ARMY_SF_WARRANT_OFFICER_TECHNICAL_TACTICAL_COURSE,ARMY,SF Warrant Officer Technical & Tactical Course,,ITL210,,12,True,,Appendix J for website2026 (002).docx,table_1,credits_unresolved,"Combined hours cover multiple courses; per-course credit not invented, see source_total_hours"
ARMY_TACTICAL_IMAGERY_ANALYSIS,ARMY,Tactical Imagery Analysis,,ITL245,3,3,False,,Appendix J for website2026 (002).docx,table_1,ok,
ARMY_VMWARE_CERTIFIED_ASSOCIATE_IT,ARMY,VMWARE Certified Associate-IT,,CTI140,3,3,False,,Appendix J for website2026 (002).docx,table_1,ok,
COAST_GUARD_BASIC_TRAINING,COAST GUARD,Basic Training,,PED110,2,6,False,,Appendix J for website2026 (002).docx,table_2,ok,Credit resolved via course-credit reference (program_catalog); original combined total was 6 hours covering multiple courses
COAST_GUARD_BASIC_TRAINING,COAST GUARD,Basic Training,,HEA112,,6,True,,Appendix J for website2026 (002).docx,table_2,credits_unresolved,"Combined hours cover multiple courses; per-course credit not invented, see source_total_hours"
COAST_GUARD_BASIC_TRAINING,COAST GUARD,Basic Training,,PED152,,6,True,,Appendix J for website2026 (002).docx,table_2,credits_unresolved,"Combined hours cover multiple courses; per-course credit not invented, see source_total_hours"
COAST_GUARD_BASIC_TRAINING,COAST GUARD,Basic Training,,PED153,,6,True,,Appendix J for website2026 (002).docx,table_2,credits_unresolved,"Combined hours cover multiple courses; per-course credit not invented, see source_total_hours"
COAST_GUARD_CHIEF_PETTY_OFFICER,COAST GUARD,Chief Petty Officer,,COM120,3,3,False,,Appendix J for website2026 (002).docx,table_2,ok,
COAST_GUARD_MASTER_CHIEF_PETTY_OFFICER,COAST GUARD,Master Chief Petty Officer,,BUS153,3,6,False,,Appendix J for website2026 (002).docx,table_2,ok,Credit resolved via course-credit reference (program_catalog); original combined total was 6 hours covering multiple courses
COAST_GUARD_MASTER_CHIEF_PETTY_OFFICER,COAST GUARD,Master Chief Petty Officer,,OMT156,3,6,False,,Appendix J for website2026 (002).docx,table_2,ok,Credit resolved via course-credit reference (program_catalog); original combined total was 6 hours covering multiple courses
COAST_GUARD_PETTY_OFFICER_1ST_CLASS,COAST GUARD,Petty Officer 1st Class,,PSY118,3,3,False,,Appendix J for website2026 (002).docx,table_2,ok,
COAST_GUARD_PETTY_OFFICER_2ND_CLASS,COAST GUARD,Petty Officer 2nd Class,,BUS135,3,3,False,,Appendix J for website2026 (002).docx,table_2,ok,
MARINES_ADVANCED_CAREER_PLANNER,MARINES,Advanced Career Planner,,BUS137,3,6,False,,Appendix J for website2026 (002).docx,table_3,ok,Credit resolved via course-credit reference (program_catalog); original combined total was 6 hours covering multiple courses
MARINES_ADVANCED_CAREER_PLANNER,MARINES,Advanced Career Planner,,BUS153,3,6,False,,Appendix J for website2026 (002).docx,table_3,ok,Credit resolved via course-credit reference (program_catalog); original combined total was 6 hours covering multiple courses
MARINES_AIR_GROUND_TASK_FORCE_INTELLIGENCE_SPECIALIST_COURSE,MARINES,Air Ground Task Force Intelligence Specialist Course,,HUM120,3,3,False,,Appendix J for website2026 (002).docx,table_3,ok,
MARINES_ADVANCED_SCHOOL_DISTANCE_ED_SEMINAR,MARINES,Advanced School Distance Ed/ Seminar,,BUS260,6,6,False,,Appendix J for website2026 (002).docx,table_3,ok,
MARINES_CORPORALS_COURSE,MARINES,Corporals Course,,HUM230,3,3,False,,Appendix J for website2026 (002).docx,table_3,ok,
MARINES_DRILL_INSTRUCTOR,MARINES,Drill Instructor,,COM120,3,6,False,,Appendix J for website2026 (002).docx,table_3,ok,Credit resolved via course-credit reference (program_catalog); original combined total was 6 hours covering multiple courses
MARINES_DRILL_INSTRUCTOR,MARINES,Drill Instructor,,BUS137,3,6,False,,Appendix J for website2026 (002).docx,table_3,ok,Credit resolved via course-credit reference (program_catalog); original combined total was 6 hours covering multiple courses
MARINES_FIRST_SERGEANTS_COURSE,MARINES,First Sergeants Course,,BUS261,,6,True,,Appendix J for website2026 (002).docx,table_3,credits_unresolved,"Combined hours cover multiple courses; per-course credit not invented, see source_total_hours"
MARINES_FIRST_SERGEANTS_COURSE,MARINES,First Sergeants Course,,OMT156,3,6,False,,Appendix J for website2026 (002).docx,table_3,ok,Credit resolved via course-credit reference (program_catalog); original combined total was 6 hours covering multiple courses
MARINES_MARINE_RECRUIT_TRAINING,MARINES,Marine Recruit Training,,PED110,2,7,False,,Appendix J for website2026 (002).docx,table_3,ok,Credit resolved via course-credit reference (program_catalog); original combined total was 7 hours covering multiple courses
MARINES_MARINE_RECRUIT_TRAINING,MARINES,Marine Recruit Training,,PED172,,7,True,,Appendix J for website2026 (002).docx,table_3,credits_unresolved,"Combined hours cover multiple courses; per-course credit not invented, see source_total_hours"
MARINES_MARINE_RECRUIT_TRAINING,MARINES,Marine Recruit Training,,PED169,,7,True,,Appendix J for website2026 (002).docx,table_3,credits_unresolved,"Combined hours cover multiple courses; per-course credit not invented, see source_total_hours"
MARINES_MARINE_RECRUIT_TRAINING,MARINES,Marine Recruit Training,,HEA112,,7,True,,Appendix J for website2026 (002).docx,table_3,credits_unresolved,"Combined hours cover multiple courses; per-course credit not invented, see source_total_hours"
MARINES_RECRUITER_BASIC_CAREER_PLANNER_CAREER_RECRUITER,MARINES,Recruiter/Basic Career Planner/Career Recruiter,,BUS137,3,6,False,,Appendix J for website2026 (002).docx,table_3,ok,Credit resolved via course-credit reference (program_catalog); original combined total was 6 hours covering multiple courses
MARINES_RECRUITER_BASIC_CAREER_PLANNER_CAREER_RECRUITER,MARINES,Recruiter/Basic Career Planner/Career Recruiter,,BUS153,3,6,False,,Appendix J for website2026 (002).docx,table_3,ok,Credit resolved via course-credit reference (program_catalog); original combined total was 6 hours covering multiple courses
MARINES_SENIOR_NONCOMMISSIONED_OFFICER_ACADEMY,MARINES,Senior Noncommissioned Officer Academy,,BUS253,3,6,False,,Appendix J for website2026 (002).docx,table_3,ok,Credit resolved via course-credit reference (training:Distributed Leader III (DLC III)); original combined total was 6 hours covering multiple courses
MARINES_SENIOR_NONCOMMISSIONED_OFFICER_ACADEMY,MARINES,Senior Noncommissioned Officer Academy,,BUS234,3,6,False,,Appendix J for website2026 (002).docx,table_3,ok,Credit resolved via course-credit reference (training:SHARP certification); original combined total was 6 hours covering multiple courses
MARINES_SERGEANTS_DISTANCE_EDUCATION_COURSE_SSDEP,MARINES,Sergeants Distance Education Course (SSDEP),SSDEP,BUS135,3,9,False,,Appendix J for website2026 (002).docx,table_3,ok,Credit resolved via course-credit reference (program_catalog); original combined total was 9 hours covering multiple courses
MARINES_SERGEANTS_DISTANCE_EDUCATION_COURSE_SSDEP,MARINES,Sergeants Distance Education Course (SSDEP),SSDEP,BUS137,3,9,False,,Appendix J for website2026 (002).docx,table_3,ok,Credit resolved via course-credit reference (program_catalog); original combined total was 9 hours covering multiple courses
MARINES_SERGEANTS_DISTANCE_EDUCATION_COURSE_SSDEP,MARINES,Sergeants Distance Education Course (SSDEP),SSDEP,BUS234,3,9,False,,Appendix J for website2026 (002).docx,table_3,ok,Credit resolved via course-credit reference (training:SHARP certification); original combined total was 9 hours covering multiple courses
MARINES_SERGEANT_S_SCHOOL_SEMINAR_PROGRAM,MARINES,Sergeant’s School Seminar Program,,LDR110,3,3,False,,Appendix J for website2026 (002).docx,table_3,ok,
NAVY_NAVY_RECRUIT_TRAINING,NAVY,Navy Recruit Training,,PED110,2,6,False,,Appendix J for website2026 (002).docx,table_4,ok,Credit resolved via course-credit reference (program_catalog); original combined total was 6 hours covering multiple courses
NAVY_NAVY_RECRUIT_TRAINING,NAVY,Navy Recruit Training,,PED152,,6,True,,Appendix J for website2026 (002).docx,table_4,credits_unresolved,"Combined hours cover multiple courses; per-course credit not invented, see source_total_hours"
NAVY_NAVY_RECRUIT_TRAINING,NAVY,Navy Recruit Training,,HEA112,,6,True,,Appendix J for website2026 (002).docx,table_4,credits_unresolved,"Combined hours cover multiple courses; per-course credit not invented, see source_total_hours"
NAVY_NAVY_RECRUIT_TRAINING,NAVY,Navy Recruit Training,,PED153,,6,True,,Appendix J for website2026 (002).docx,table_4,credits_unresolved,"Combined hours cover multiple courses; per-course credit not invented, see source_total_hours"
NAVY_CHIEF_PETTY_OFFICER,NAVY,Chief Petty Officer,,COM120,3,3,False,,Appendix J for website2026 (002).docx,table_4,ok,
NAVY_CANVASSER_RECRUITER,NAVY,Canvasser Recruiter,,COM231,3,9,False,,Appendix J for website2026 (002).docx,table_4,ok,Credit resolved via course-credit reference (program_catalog); original combined total was 9 hours covering multiple courses
NAVY_CANVASSER_RECRUITER,NAVY,Canvasser Recruiter,,BUS256,,9,True,,Appendix J for website2026 (002).docx,table_4,credits_unresolved,"Combined hours cover multiple courses; per-course credit not invented, see source_total_hours"
NAVY_CANVASSER_RECRUITER,NAVY,Canvasser Recruiter,,MKT123,3,9,False,,Appendix J for website2026 (002).docx,table_4,ok,Credit resolved via course-credit reference (program_catalog); original combined total was 9 hours covering multiple courses
NAVY_COMMAND_FITNESS_LEADER,NAVY,Command Fitness Leader,,HEA110,3,3,False,,Appendix J for website2026 (002).docx,table_4,ok,
NAVY_SPECIAL_WARFARE_OFFICER_SO_SOCM,NAVY,Special Warfare Officer SO-SOCM,,CIS110,3,36,False,,Appendix J for website2026 (002).docx,table_4,ok,Credit resolved via course-credit reference (program_catalog); original combined total was 36 hours covering multiple courses
NAVY_SPECIAL_WARFARE_OFFICER_SO_SOCM,NAVY,Special Warfare Officer SO-SOCM,,HUM230,3,36,False,,Appendix J for website2026 (002).docx,table_4,ok,Credit resolved via course-credit reference (program_catalog); original combined total was 36 hours covering multiple courses
NAVY_SPECIAL_WARFARE_OFFICER_SO_SOCM,NAVY,Special Warfare Officer SO-SOCM,,BUS135,3,36,False,,Appendix J for website2026 (002).docx,table_4,ok,Credit resolved via course-credit reference (program_catalog); original combined total was 36 hours covering multiple courses
NAVY_SPECIAL_WARFARE_OFFICER_SO_SOCM,NAVY,Special Warfare Officer SO-SOCM,,BUS137,3,36,False,,Appendix J for website2026 (002).docx,table_4,ok,Credit resolved via course-credit reference (program_catalog); original combined total was 36 hours covering multiple courses
NAVY_SPECIAL_WARFARE_OFFICER_SO_SOCM,NAVY,Special Warfare Officer SO-SOCM,,BUS260,3,36,False,,Appendix J for website2026 (002).docx,table_4,ok,Credit resolved via course-credit reference (program_catalog); original combined total was 36 hours covering multiple courses
NAVY_SPECIAL_WARFARE_OFFICER_SO_SOCM,NAVY,Special Warfare Officer SO-SOCM,,CJC160,3,36,False,,Appendix J for website2026 (002).docx,table_4,ok,Credit resolved via course-credit reference (program_catalog); original combined total was 36 hours covering multiple courses
NAVY_SPECIAL_WARFARE_OFFICER_SO_SOCM,NAVY,Special Warfare Officer SO-SOCM,,CJC161,3,36,False,,Appendix J for website2026 (002).docx,table_4,ok,Credit resolved via course-credit reference (program_catalog); original combined total was 36 hours covering multiple courses
NAVY_SPECIAL_WARFARE_OFFICER_SO_SOCM,NAVY,Special Warfare Officer SO-SOCM,,CJC163,3,36,False,,Appendix J for website2026 (002).docx,table_4,ok,Credit resolved via course-credit reference (program_catalog); original combined total was 36 hours covering multiple courses
NAVY_SPECIAL_WARFARE_OFFICER_SO_SOCM,NAVY,Special Warfare Officer SO-SOCM,,GEO110,3,36,False,,Appendix J for website2026 (002).docx,table_4,ok,Credit resolved via course-credit reference (program_catalog); original combined total was 36 hours covering multiple courses
NAVY_SPECIAL_WARFARE_OFFICER_SO_SOCM,NAVY,Special Warfare Officer SO-SOCM,,GIS112,,36,True,,Appendix J for website2026 (002).docx,table_4,credits_unresolved,"Combined hours cover multiple courses; per-course credit not invented, see source_total_hours"
NAVY_SPECIAL_WARFARE_OFFICER_SO_SOCM,NAVY,Special Warfare Officer SO-SOCM,,HUM120,3,36,False,,Appendix J for website2026 (002).docx,table_4,ok,Credit resolved via course-credit reference (program_catalog); original combined total was 36 hours covering multiple courses
NAVY_SPECIAL_WARFARE_OFFICER_SO_SOCM,NAVY,Special Warfare Officer SO-SOCM,,OMT110,3,36,False,,Appendix J for website2026 (002).docx,table_4,ok,Credit resolved via course-credit reference (program_catalog); original combined total was 36 hours covering multiple courses
NAVY_MASTER_CHIEF_PETTY_OFFICER,NAVY,Master Chief Petty Officer,,BUS153,3,6,False,,Appendix J for website2026 (002).docx,table_4,ok,Credit resolved via course-credit reference (program_catalog); original combined total was 6 hours covering multiple courses
NAVY_MASTER_CHIEF_PETTY_OFFICER,NAVY,Master Chief Petty Officer,,OMT156,3,6,False,,Appendix J for website2026 (002).docx,table_4,ok,Credit resolved via course-credit reference (program_catalog); original combined total was 6 hours covering multiple courses
NAVY_NAVY_SENIOR_ENLISTED_ACADEMY,NAVY,Navy Senior Enlisted Academy,,COM120,3,15,False,,Appendix J for website2026 (002).docx,table_4,ok,Credit resolved via course-credit reference (program_catalog); original combined total was 15 hours covering multiple courses
NAVY_NAVY_SENIOR_ENLISTED_ACADEMY,NAVY,Navy Senior Enlisted Academy,,BUS253,3,15,False,,Appendix J for website2026 (002).docx,table_4,ok,Credit resolved via course-credit reference (training:Distributed Leader III (DLC III)); original combined total was 15 hours covering multiple courses
NAVY_NAVY_SENIOR_ENLISTED_ACADEMY,NAVY,Navy Senior Enlisted Academy,,BUS234,3,15,False,,Appendix J for website2026 (002).docx,table_4,ok,Credit resolved via course-credit reference (training:SHARP certification); original combined total was 15 hours covering multiple courses
NAVY_NAVY_SENIOR_ENLISTED_ACADEMY,NAVY,Navy Senior Enlisted Academy,,POL220,3,15,False,,Appendix J for website2026 (002).docx,table_4,ok,Credit resolved via course-credit reference (program_catalog); original combined total was 15 hours covering multiple courses
NAVY_NAVY_SENIOR_ENLISTED_ACADEMY,NAVY,Navy Senior Enlisted Academy,,BUS240,3,15,False,,Appendix J for website2026 (002).docx,table_4,ok,Credit resolved via course-credit reference (program_catalog); original combined total was 15 hours covering multiple courses
NAVY_PETTY_OFFICER_1ST_CLASS,NAVY,Petty Officer 1st Class,,COM120,3,6,False,,Appendix J for website2026 (002).docx,table_4,ok,Credit resolved via course-credit reference (program_catalog); original combined total was 6 hours covering multiple courses
NAVY_PETTY_OFFICER_1ST_CLASS,NAVY,Petty Officer 1st Class,,BUS240,3,6,False,,Appendix J for website2026 (002).docx,table_4,ok,Credit resolved via course-credit reference (program_catalog); original combined total was 6 hours covering multiple courses
NAVY_PETTY_OFFICER_2ND_CLASS,NAVY,Petty Officer 2nd Class,,HUM230,3,3,False,,Appendix J for website2026 (002).docx,table_4,ok,Credit resolved via course-credit reference (program_catalog); original combined total was 3 hours covering multiple courses
NAVY_PETTY_OFFICER_2ND_CLASS,NAVY,Petty Officer 2nd Class,,COM231,3,3,False,,Appendix J for website2026 (002).docx,table_4,ok,Credit resolved via course-credit reference (program_catalog); original combined total was 3 hours covering multiple courses
NAVY_PETTY_OFFICER_SELECTEE_LC,NAVY,Petty Officer Selectee LC,,BUS253,3,6,False,,Appendix J for website2026 (002).docx,table_4,ok,Credit resolved via course-credit reference (training:Distributed Leader III (DLC III)); original combined total was 6 hours covering multiple courses
NAVY_PETTY_OFFICER_SELECTEE_LC,NAVY,Petty Officer Selectee LC,,BUS255,3,6,False,,Appendix J for website2026 (002).docx,table_4,ok,Credit resolved via course-credit reference (program_catalog); original combined total was 6 hours covering multiple courses
NAVY_RECRUITER,NAVY,Recruiter,,BUS256,,6,True,,Appendix J for website2026 (002).docx,table_4,credits_unresolved,"Combined hours cover multiple courses; per-course credit not invented, see source_total_hours"
NAVY_RECRUITER,NAVY,Recruiter,,COM120,3,6,False,,Appendix J for website2026 (002).docx,table_4,ok,Credit resolved via course-credit reference (program_catalog); original combined total was 6 hours covering multiple courses
NATIONAL_GUARD_SOCIOLOGY_OF_DISASTER,NATIONAL GUARD,Sociology of Disaster,,EPT120,3,3,False,,Appendix J for website2026 (002).docx,table_5,ok,
NATIONAL_GUARD_MITIGATION_AND_PREPAREDNESS,NATIONAL GUARD,Mitigation and Preparedness,,EPT130,3,3,False,,Appendix J for website2026 (002).docx,table_5,ok,
NATIONAL_GUARD_RESPONSE_AND_RECOVERY,NATIONAL GUARD,Response and Recovery,,EPT210,3,3,False,,Appendix J for website2026 (002).docx,table_5,ok,
NATIONAL_GUARD_TERRORISM_AND_EMERGENCY_MANAGEMENT,NATIONAL GUARD,Terrorism and Emergency Management,,EPT220,3,3,False,,Appendix J for website2026 (002).docx,table_5,ok,
